time,temperature_2m_max,temperature_2m_min,temperature_2m_mean,relative_humidity_2m_mean,wind_speed_10m_max,precipitation_sum
2022-01-01,27.4,12.5,19.3,44,14.4,0.0
2022-01-02,28.2,12.6,19.8,50,13.6,0.0
2022-01-03,29.6,14.8,21.4,52,15.7,0.0
2022-01-04,29.2,14.5,21.1,58,11.6,0.0
2022-01-05,29.5,15.5,21.2,57,12.0,0.0
2022-01-06,27.7,13.7,19.8,62,10.8,0.0
2022-01-07,30.8,15.3,22.3,52,10.6,0.0
2022-01-08,27.4,13.8,21.2,57,11.4,0.0
2022-01-09,27.3,13.3,19.2,67,10.8,0.0
2022-01-10,28.3,13.9,20.5,59,11.2,0.0
2022-01-11,29.3,15.3,21.5,58,12.4,0.0
2022-01-12,28.2,15.9,21.0,64,11.0,0.0
2022-01-13,27.8,13.6,19.6,68,10.7,0.0
2022-01-14,30.1,14.4,21.2,56,13.4,0.0
2022-01-15,27.1,14.2,19.9,65,13.4,0.0
2022-01-16,22.8,12.6,16.6,76,14.7,0.9
2022-01-17,22.0,11.2,15.3,66,11.2,0.4
2022-01-18,26.3,10.7,17.9,43,13.7,0.0
2022-01-19,26.6,13.4,18.9,36,12.7,0.0
2022-01-20,27.7,12.6,19.1,35,11.6,0.0
2022-01-21,28.3,12.8,19.6,38,12.1,0.0
2022-01-22,27.5,11.8,19.2,50,11.7,0.0
2022-01-23,29.8,13.7,21.4,47,12.4,0.0
2022-01-24,30.2,16.4,22.3,40,11.2,0.0
2022-01-25,28.1,14.9,21.2,47,10.6,0.0
2022-01-26,27.6,14.1,19.6,62,9.9,0.0
2022-01-27,26.9,14.1,19.3,63,11.6,0.0
2022-01-28,27.6,13.0,18.8,67,11.7,0.0
2022-01-29,26.6,13.3,18.7,65,12.4,0.0
2022-01-30,27.4,12.0,19.0,67,12.5,0.0
2022-01-31,29.1,14.6,21.1,52,14.1,0.0
2022-02-01,27.0,15.1,20.1,51,13.6,0.0
2022-02-02,27.8,14.3,20.3,54,13.0,0.0
2022-02-03,26.1,12.6,18.9,63,11.9,0.0
2022-02-04,27.4,13.4,19.8,62,13.4,0.2
2022-02-05,29.2,15.3,22.3,47,10.4,0.0
2022-02-06,32.0,16.3,23.2,39,14.4,0.0
2022-02-07,29.1,16.1,21.8,50,11.7,0.0
2022-02-08,30.9,15.5,22.3,48,13.0,0.0
2022-02-09,29.1,14.9,21.7,51,11.8,0.0
2022-02-10,25.9,13.9,18.6,69,11.7,0.0
2022-02-11,28.1,13.6,20.1,57,10.4,0.0
2022-02-12,30.7,15.5,22.3,39,13.0,0.0
2022-02-13,27.2,15.2,20.2,55,13.7,0.0
2022-02-14,28.5,14.5,19.6,69,11.9,0.0
2022-02-15,26.6,14.7,19.4,67,11.4,0.0
2022-02-16,30.3,14.7,21.9,54,10.8,0.0
2022-02-17,31.2,16.2,23.1,39,10.6,0.0
2022-02-18,29.5,14.9,21.8,39,14.1,0.0
2022-02-19,29.0,13.9,21.0,41,15.9,0.0
2022-02-20,26.4,14.7,19.7,49,12.4,0.1
2022-02-21,25.3,12.5,17.7,62,12.9,0.0
2022-02-22,24.9,11.7,17.1,64,13.5,0.0
2022-02-23,23.2,11.4,15.1,68,13.6,1.8
2022-02-24,25.4,10.5,17.8,52,11.4,0.0
2022-02-25,28.0,12.4,19.4,50,11.8,0.0
2022-02-26,27.3,13.8,20.1,48,9.6,0.0
2022-02-27,26.2,11.7,18.7,55,10.2,0.0
2022-02-28,28.9,12.6,20.6,39,10.7,0.0
2022-03-01,29.9,13.8,22.0,29,11.2,0.0
2022-03-02,30.0,15.9,22.2,40,11.5,0.0
2022-03-03,27.9,16.2,21.1,54,11.1,0.0
2022-03-04,28.3,14.9,20.7,59,11.5,0.2
2022-03-05,28.6,15.7,21.1,52,13.1,0.0
2022-03-06,23.3,14.3,18.1,45,10.7,0.1
2022-03-07,29.0,11.2,19.6,39,8.5,0.0
2022-03-08,24.7,14.4,19.0,45,12.4,0.0
2022-03-09,27.9,12.1,19.2,49,11.9,0.0
2022-03-10,29.6,13.7,21.6,37,9.8,0.0
2022-03-11,29.2,14.6,20.7,38,13.1,0.0
2022-03-12,27.2,15.6,20.2,50,10.0,0.0
2022-03-13,30.1,14.2,21.6,45,11.0,0.0
2022-03-14,29.3,15.7,22.0,43,10.6,0.0
2022-03-15,27.9,17.6,21.7,53,9.8,0.0
2022-03-16,27.2,15.2,19.8,63,10.9,0.0
2022-03-17,23.7,12.6,17.6,72,12.3,0.0
2022-03-18,28.8,12.7,21.1,41,11.7,0.0
2022-03-19,29.0,15.9,21.7,27,9.5,0.0
2022-03-20,25.5,13.8,19.9,37,12.1,0.0
2022-03-21,24.1,11.1,17.1,49,10.9,0.0
2022-03-22,26.7,13.5,18.5,47,10.9,0.0
2022-03-23,20.5,9.7,14.6,59,13.0,0.0
2022-03-24,27.7,10.2,18.8,39,8.1,0.0
2022-03-25,28.7,13.8,20.3,31,10.6,0.0
2022-03-26,23.7,13.2,17.1,59,11.5,0.0
2022-03-27,27.2,14.3,19.9,45,8.4,0.0
2022-03-28,25.9,14.5,19.6,42,11.3,0.0
2022-03-29,24.6,11.9,17.4,46,13.3,0.0
2022-03-30,26.2,10.0,17.8,18,9.7,0.0
2022-03-31,26.7,10.8,19.0,18,8.0,0.0
2022-04-01,26.6,11.4,18.7,29,9.4,0.0
2022-04-02,24.4,12.0,18.0,48,9.4,0.0
2022-04-03,23.5,10.2,16.7,59,8.9,0.0
2022-04-04,27.7,11.7,19.6,35,9.2,0.0
2022-04-05,28.5,13.5,20.2,33,10.9,0.0
2022-04-06,27.6,12.8,19.6,40,8.0,0.0
2022-04-07,27.6,12.6,20.7,36,6.7,0.0
2022-04-08,26.7,12.3,19.0,43,8.3,0.0
2022-04-09,21.8,10.5,14.9,69,11.2,0.0
2022-04-10,19.7,10.1,13.6,68,12.1,0.0
2022-04-11,21.4,8.6,14.4,56,10.5,0.0
2022-04-12,20.3,10.0,15.1,43,8.2,0.0
2022-04-13,27.1,9.7,17.9,24,7.1,0.0
2022-04-14,22.9,9.8,15.9,39,8.1,0.0
2022-04-15,18.5,8.3,12.6,78,7.3,0.0
2022-04-16,22.4,9.9,16.1,55,7.2,0.0
2022-04-17,23.8,13.1,17.4,43,8.9,0.0
2022-04-18,23.4,12.1,17.0,43,8.0,0.0
2022-04-19,20.6,11.2,15.0,66,10.1,0.0
2022-04-20,21.2,8.5,14.8,64,9.5,0.0
2022-04-21,18.7,9.7,14.0,53,8.7,0.3
2022-04-22,19.4,11.1,14.6,64,9.8,3.0
2022-04-23,21.9,10.1,15.6,52,8.7,0.0
2022-04-24,19.0,11.7,14.9,60,9.7,0.0
2022-04-25,20.5,9.5,14.9,66,9.4,0.1
2022-04-26,15.0,9.4,12.3,82,14.5,27.9
2022-04-27,13.5,6.5,9.8,83,15.6,18.2
2022-04-28,19.9,4.5,11.8,61,7.3,0.0
2022-04-29,22.7,8.8,15.0,45,8.1,0.0
2022-04-30,19.4,8.4,14.0,54,6.3,0.0
2022-05-01,18.6,8.5,12.6,61,7.5,0.0
2022-05-02,19.3,7.4,12.9,57,6.5,0.0
2022-05-03,22.8,7.9,15.4,42,5.6,0.0
2022-05-04,22.8,10.6,16.1,49,6.3,0.0
2022-05-05,18.2,8.7,13.3,65,6.0,0.0
2022-05-06,21.9,10.3,15.5,49,5.9,0.0
2022-05-07,19.1,8.4,13.1,60,7.4,0.0
2022-05-08,13.1,8.7,10.4,90,6.3,0.1
2022-05-09,19.0,8.0,13.7,66,7.1,0.0
2022-05-10,21.2,9.1,15.2,55,6.7,0.0
2022-05-11,20.6,12.2,15.8,57,6.1,0.3
2022-05-12,16.1,12.0,14.5,67,5.4,0.0
2022-05-13,18.4,8.0,13.5,71,5.4,0.0
2022-05-14,18.4,8.3,13.1,58,6.1,0.0
2022-05-15,21.5,6.6,14.0,50,6.2,0.0
2022-05-16,18.2,7.3,12.4,53,6.6,0.0
2022-05-17,19.1,7.0,12.3,48,7.1,0.0
2022-05-18,21.2,6.5,13.0,55,10.9,0.0
2022-05-19,16.6,8.8,12.7,67,8.0,0.3
2022-05-20,16.2,8.2,13.0,66,10.8,0.5
2022-05-21,18.6,5.0,11.8,51,6.9,0.0
2022-05-22,15.6,9.4,12.1,62,5.8,0.0
2022-05-23,15.8,11.4,13.3,65,7.9,0.1
2022-05-24,17.7,9.0,13.5,68,6.9,0.0
2022-05-25,17.6,7.7,13.1,65,6.2,0.0
2022-05-26,16.6,7.7,11.3,64,7.5,0.0
2022-05-27,14.4,7.3,11.2,65,4.7,0.0
2022-05-28,12.0,5.6,10.4,64,4.7,1.0
2022-05-29,12.8,3.3,7.8,70,8.2,0.0
2022-05-30,14.2,1.5,7.7,56,6.2,0.0
2022-05-31,11.9,2.5,6.6,54,9.1,0.0
2022-06-01,10.7,0.9,5.5,63,7.2,0.0
2022-06-02,11.9,5.6,8.5,76,7.2,13.3
2022-06-03,10.0,7.9,8.9,72,14.8,13.8
2022-06-04,13.8,8.7,11.0,69,17.2,2.7
2022-06-05,14.9,6.0,10.3,74,10.5,3.6
2022-06-06,17.5,4.1,10.3,57,6.2,0.0
2022-06-07,18.1,5.5,11.1,54,5.1,0.0
2022-06-08,14.2,5.9,10.0,71,7.9,0.0
2022-06-09,16.2,5.6,10.3,63,6.9,0.0
2022-06-10,21.7,5.6,12.0,46,8.6,0.0
2022-06-11,20.2,6.5,11.7,48,7.9,0.0
2022-06-12,17.8,4.3,11.0,52,6.5,0.0
2022-06-13,16.6,5.3,9.5,62,7.6,0.0
2022-06-14,13.3,5.0,8.9,80,6.5,0.0
2022-06-15,12.1,3.6,7.7,75,6.0,0.3
2022-06-16,11.1,5.2,8.2,80,7.6,4.7
2022-06-17,13.7,0.7,6.8,58,6.5,0.0
2022-06-18,15.0,3.9,9.9,48,5.8,0.0
2022-06-19,13.9,7.5,10.4,57,5.0,0.0
2022-06-20,12.5,6.9,9.8,64,6.1,0.0
2022-06-21,10.4,4.6,7.7,76,7.3,0.0
2022-06-22,12.6,5.8,8.6,83,8.4,3.2
2022-06-23,10.9,6.2,8.3,78,9.8,16.1
2022-06-24,13.5,5.3,9.1,70,5.4,0.0
2022-06-25,15.6,6.4,10.6,60,5.8,0.0
2022-06-26,14.1,4.3,8.9,68,5.4,0.2
2022-06-27,12.9,3.5,7.2,73,8.9,5.9
2022-06-28,16.5,-0.2,8.7,66,7.9,0.0
2022-06-29,15.9,7.5,10.9,57,7.1,0.0
2022-06-30,17.4,7.2,11.9,63,6.1,0.0
2022-07-01,8.4,2.8,6.3,90,12.6,29.4
2022-07-02,11.3,-0.3,4.7,73,11.9,0.0
2022-07-03,10.1,0.9,5.3,63,6.5,0.0
2022-07-04,11.9,-0.1,6.0,58,5.8,0.0
2022-07-05,12.6,-0.7,5.6,55,6.3,0.0
2022-07-06,7.3,-0.6,4.6,75,11.3,19.5
2022-07-07,15.7,-1.4,5.0,62,5.1,0.0
2022-07-08,13.3,3.3,8.1,69,20.5,0.8
2022-07-09,11.5,3.4,6.6,69,12.9,21.9
2022-07-10,7.9,3.1,5.5,87,12.1,33.5
2022-07-11,8.2,0.7,4.3,81,7.6,14.1
2022-07-12,14.7,-0.8,7.1,60,5.4,0.0
2022-07-13,11.8,3.9,6.8,69,14.4,1.6
2022-07-14,7.2,0.2,4.0,85,12.0,32.5
2022-07-15,6.0,-1.2,2.5,70,7.3,2.7
2022-07-16,6.6,-1.5,1.5,66,5.8,0.5
2022-07-17,9.0,-2.6,3.9,67,5.1,0.0
2022-07-18,13.2,2.0,6.5,62,5.1,0.0
2022-07-19,16.5,3.3,8.5,57,5.1,0.0
2022-07-20,14.5,5.7,9.3,49,5.1,0.0
2022-07-21,16.5,2.9,8.9,51,6.2,0.0
2022-07-22,18.9,5.8,10.9,56,5.1,0.0
2022-07-23,16.7,5.0,9.5,62,7.7,0.0
2022-07-24,14.9,5.4,9.7,67,7.1,0.0
2022-07-25,14.2,7.0,10.4,69,7.5,0.0
2022-07-26,13.6,5.7,9.6,76,6.3,0.0
2022-07-27,11.9,5.6,8.6,79,7.3,2.0
2022-07-28,15.0,4.6,9.3,76,7.6,0.0
2022-07-29,21.7,6.4,12.1,46,9.9,0.0
2022-07-30,14.6,7.5,10.9,61,8.2,0.4
2022-07-31,16.1,4.2,10.1,68,6.9,0.0
2022-08-01,13.2,6.9,9.6,72,6.6,0.0
2022-08-02,13.4,4.0,8.8,78,6.5,0.0
2022-08-03,13.1,4.1,7.7,76,10.8,0.0
2022-08-04,13.7,3.4,8.5,80,7.2,0.0
2022-08-05,13.6,4.2,8.9,68,6.6,0.0
2022-08-06,9.4,6.3,7.8,88,7.1,19.9
2022-08-07,10.2,2.9,6.2,80,7.6,8.2
2022-08-08,13.6,-1.9,5.0,63,6.8,0.0
2022-08-09,21.7,-0.9,8.8,48,8.6,0.0
2022-08-10,16.9,7.0,11.4,52,7.1,0.0
2022-08-11,17.3,5.5,9.8,60,10.1,0.3
2022-08-12,12.6,5.1,8.3,83,10.5,0.2
2022-08-13,16.0,4.1,9.4,61,7.2,0.0
2022-08-14,11.1,4.8,8.0,82,11.7,23.7
2022-08-15,11.2,4.6,7.6,77,11.5,4.1
2022-08-16,10.8,6.0,7.9,83,12.4,37.4
2022-08-17,12.1,3.1,7.9,77,7.9,6.2
2022-08-18,15.5,0.9,8.0,54,7.1,0.0
2022-08-19,24.4,5.1,13.1,47,7.3,0.0
2022-08-20,22.4,7.3,14.1,47,6.6,0.0
2022-08-21,20.4,8.6,13.7,54,9.1,0.0
2022-08-22,16.1,8.6,12.0,63,7.6,0.0
2022-08-23,18.4,7.7,12.7,66,8.6,0.0
2022-08-24,19.8,9.5,13.7,61,6.9,0.0
2022-08-25,20.6,7.0,13.3,53,6.9,0.0
2022-08-26,17.2,8.5,12.0,62,7.2,0.6
2022-08-27,17.4,8.2,12.2,79,7.6,0.0
2022-08-28,27.5,4.7,14.3,37,16.6,0.0
2022-08-29,22.0,5.3,12.7,53,15.1,0.0
2022-08-30,15.9,7.7,11.8,65,8.0,0.0
2022-08-31,11.0,7.5,8.9,93,8.1,0.3
2022-09-01,12.2,6.7,8.7,90,7.0,1.3
2022-09-02,19.7,2.2,11.3,56,8.3,0.0
2022-09-03,21.1,6.4,13.0,44,7.6,0.0
2022-09-04,22.3,6.5,13.9,40,8.3,0.0
2022-09-05,24.2,7.2,15.0,41,7.9,0.0
2022-09-06,22.0,9.4,14.1,58,9.1,0.0
2022-09-07,12.8,5.6,8.2,86,9.1,2.0
2022-09-08,9.1,2.1,5.9,83,6.5,6.2
2022-09-09,16.6,-0.5,8.1,66,7.3,0.0
2022-09-10,16.2,4.2,10.1,61,8.7,0.1
2022-09-11,11.9,6.9,8.7,87,7.7,0.9
2022-09-12,14.7,3.2,8.8,72,9.1,0.0
2022-09-13,14.6,6.6,9.6,82,8.7,0.1
2022-09-14,19.2,3.6,11.7,53,7.2,0.0
2022-09-15,20.9,7.5,13.6,58,7.3,0.0
2022-09-16,14.5,8.0,11.0,83,9.4,0.0
2022-09-17,12.0,6.0,8.7,92,7.3,8.8
2022-09-18,11.0,7.0,8.5,90,7.9,13.1
2022-09-19,13.3,3.7,8.9,85,7.6,0.0
2022-09-20,8.3,4.7,6.7,88,10.1,15.7
2022-09-21,12.5,2.2,7.3,68,10.0,0.3
2022-09-22,18.1,1.0,9.6,54,7.1,0.0
2022-09-23,17.4,8.1,12.3,65,7.2,0.0
2022-09-24,10.6,6.9,8.9,88,13.9,84.0
2022-09-25,15.4,3.7,9.8,78,7.6,0.0
2022-09-26,15.3,5.9,10.3,71,6.9,0.0
2022-09-27,18.3,6.3,12.7,70,6.8,0.0
2022-09-28,18.4,7.5,12.7,67,8.3,0.0
2022-09-29,19.0,7.6,13.2,74,8.0,0.0
2022-09-30,21.8,7.6,14.5,61,6.9,0.0
2022-10-01,21.1,10.6,15.1,61,7.5,0.0
2022-10-02,21.5,7.4,14.9,60,7.6,0.0
2022-10-03,14.1,7.5,11.0,89,10.5,0.0
2022-10-04,13.5,6.7,10.0,83,9.7,0.0
2022-10-05,14.8,7.6,10.6,81,8.5,8.0
2022-10-06,18.9,8.1,13.4,73,10.1,0.0
2022-10-07,21.4,9.3,14.7,67,17.2,13.6
2022-10-08,17.5,8.8,12.9,76,8.0,9.6
2022-10-09,21.5,3.9,13.3,51,9.5,0.0
2022-10-10,18.3,7.2,12.2,65,8.8,0.0
2022-10-11,18.7,5.8,12.3,74,12.2,0.0
2022-10-12,19.9,6.7,13.9,69,11.5,0.0
2022-10-13,20.7,7.8,14.6,61,10.4,0.0
2022-10-14,22.4,8.0,16.0,54,9.9,0.0
2022-10-15,24.1,9.1,16.5,52,7.4,0.0
2022-10-16,22.5,10.3,16.1,60,8.8,0.0
2022-10-17,18.3,7.8,12.9,77,9.7,0.0
2022-10-18,18.8,7.7,12.1,77,10.8,0.0
2022-10-19,17.6,6.6,12.2,75,8.9,0.4
2022-10-20,22.1,6.0,15.3,53,7.6,0.0
2022-10-21,22.2,9.6,15.9,55,8.4,0.0
2022-10-22,23.9,9.3,16.1,60,9.2,0.0
2022-10-23,21.3,11.4,15.6,63,8.9,0.0
2022-10-24,23.3,10.5,16.4,61,7.9,0.0
2022-10-25,19.2,9.1,13.0,71,15.9,0.5
2022-10-26,22.1,7.3,14.9,64,10.2,0.0
2022-10-27,23.9,9.3,16.1,52,12.0,0.0
2022-10-28,20.4,10.3,15.0,65,7.9,0.0
2022-10-29,24.3,11.3,17.1,63,10.9,0.0
2022-10-30,17.0,9.5,12.3,75,10.5,0.0
2022-10-31,26.4,6.9,16.6,32,18.0,0.0
2022-11-01,28.9,12.0,19.9,25,15.5,0.0
2022-11-02,26.4,10.8,18.4,41,7.8,0.0
2022-11-03,24.1,10.4,16.9,61,10.7,0.0
2022-11-04,22.1,9.3,15.2,72,10.4,0.0
2022-11-05,23.2,8.4,15.2,75,8.5,0.0
2022-11-06,23.8,11.0,16.5,70,8.2,0.0
2022-11-07,26.6,12.6,18.9,67,10.4,0.1
2022-11-08,19.8,11.7,15.2,81,10.2,0.0
2022-11-09,14.5,9.9,11.8,88,10.1,1.8
2022-11-10,21.5,8.0,14.2,71,11.8,0.1
2022-11-11,17.9,9.3,12.8,80,7.9,3.4
2022-11-12,15.8,8.8,11.3,81,12.3,25.2
2022-11-13,20.7,5.9,13.8,62,11.9,0.2
2022-11-14,25.8,8.9,18.0,46,7.6,0.0
2022-11-15,29.2,12.9,20.9,50,11.5,0.0
2022-11-16,26.9,12.7,20.2,63,8.0,0.0
2022-11-17,27.6,13.5,20.2,65,13.6,0.0
2022-11-18,27.0,12.5,20.2,63,9.2,0.0
2022-11-19,25.2,13.2,19.0,63,11.9,0.0
2022-11-20,26.5,12.3,19.3,53,10.7,0.0
2022-11-21,28.5,10.9,20.4,43,8.7,0.0
2022-11-22,28.7,12.0,21.1,46,10.0,0.0
2022-11-23,28.1,15.4,21.5,55,8.6,0.0
2022-11-24,26.5,14.7,20.8,63,8.9,0.0
2022-11-25,28.8,17.5,22.7,58,10.8,0.0
2022-11-26,29.7,17.8,22.9,60,10.1,0.0
2022-11-27,26.8,16.0,20.6,66,8.6,0.0
2022-11-28,25.5,14.1,19.4,70,9.8,0.0
2022-11-29,23.7,12.7,17.4,76,10.5,0.0
2022-11-30,23.0,11.1,16.2,75,12.1,0.6
2022-12-01,25.7,12.1,18.5,59,9.5,0.0
2022-12-02,26.9,14.4,20.2,51,8.2,0.0
2022-12-03,27.4,14.7,20.8,55,10.5,0.0
2022-12-04,29.9,15.2,22.6,50,9.7,0.0
2022-12-05,28.4,16.5,22.1,46,11.8,0.0
2022-12-06,30.8,15.4,23.2,43,9.8,0.0
2022-12-07,29.3,15.2,21.8,46,14.8,0.0
2022-12-08,29.6,14.8,21.7,54,11.4,0.0
2022-12-09,28.7,15.2,21.3,65,12.4,0.0
2022-12-10,31.2,15.9,23.7,50,10.6,0.0
2022-12-11,32.2,17.2,24.9,36,12.4,0.0
2022-12-12,29.4,15.3,22.9,33,10.6,0.0
2022-12-13,30.5,16.6,23.4,36,10.2,0.0
2022-12-14,28.4,16.7,22.5,43,13.8,0.0
2022-12-15,33.6,15.4,24.6,38,11.7,0.0
2022-12-16,27.0,14.9,21.3,48,11.3,0.0
2022-12-17,24.3,13.8,18.3,64,11.2,0.0
2022-12-18,28.8,12.4,20.6,51,11.1,0.0
2022-12-19,26.4,14.3,19.9,53,13.3,0.0
2022-12-20,28.4,13.2,20.7,47,12.2,0.0
2022-12-21,29.8,14.6,21.4,47,12.5,0.0
2022-12-22,28.1,13.3,19.8,53,13.6,0.0
2022-12-23,27.4,13.6,20.0,60,15.1,0.0
2022-12-24,30.3,14.3,22.0,41,13.2,0.0
2022-12-25,27.0,13.7,20.6,48,12.2,0.0
2022-12-26,25.1,12.3,18.6,64,8.7,0.0
2022-12-27,27.6,15.1,20.9,51,13.2,0.0
2022-12-28,29.7,15.2,22.4,44,13.1,0.0
2022-12-29,31.1,15.1,22.8,40,11.8,0.0
2022-12-30,27.0,15.4,20.8,58,14.1,0.0
2022-12-31,18.7,12.8,15.9,86,8.4,11.7
2023-01-01,27.3,11.9,19.8,61,12.8,0.1
2023-01-02,26.8,13.6,20.2,54,12.0,0.0
2023-01-03,29.4,15.5,21.9,44,10.4,0.0
2023-01-04,28.9,16.0,22.4,46,11.8,0.0
2023-01-05,27.0,15.6,20.7,65,12.4,0.0
2023-01-06,26.4,16.5,20.6,64,11.6,0.0
2023-01-07,29.3,16.0,21.6,62,13.5,0.0
2023-01-08,28.1,16.9,22.0,60,12.4,0.0
2023-01-09,26.1,14.0,20.1,64,11.3,0.7
2023-01-10,26.8,14.2,20.1,64,13.0,0.1
2023-01-11,29.8,16.2,22.2,53,13.9,0.1
2023-01-12,27.2,16.8,20.8,44,14.9,0.0
2023-01-13,28.8,13.5,21.0,39,12.4,0.0
2023-01-14,25.7,15.3,19.5,48,9.5,0.0
2023-01-15,29.6,14.9,21.4,47,14.2,0.0
2023-01-16,26.5,15.1,20.5,49,11.1,0.0
2023-01-17,26.6,14.8,19.6,52,12.4,0.0
2023-01-18,27.9,15.4,21.7,48,11.9,0.0
2023-01-19,23.8,13.0,18.4,64,11.3,0.0
2023-01-20,27.6,11.4,18.7,63,12.0,0.0
2023-01-21,28.2,15.6,20.9,53,12.2,0.0
2023-01-22,30.3,15.4,22.1,47,11.3,0.0
2023-01-23,29.0,15.9,22.0,48,11.2,0.0
2023-01-24,29.9,15.0,21.7,54,10.8,0.0
2023-01-25,29.2,16.6,22.2,52,12.3,0.0
2023-01-26,26.5,14.3,19.8,51,10.6,0.0
2023-01-27,30.6,16.1,22.3,40,12.1,0.0
2023-01-28,31.5,17.8,23.7,34,12.1,0.0
2023-01-29,29.8,18.2,23.5,38,11.3,0.0
2023-01-30,29.2,17.1,22.3,52,10.4,0.0
2023-01-31,28.9,16.4,22.3,52,11.2,0.0
2023-02-01,30.4,15.6,22.8,48,10.3,0.0
2023-02-02,33.2,16.3,24.5,37,11.4,0.0
2023-02-03,30.6,18.8,24.1,40,12.3,0.0
2023-02-04,30.3,18.5,22.8,53,12.8,0.0
2023-02-05,30.2,16.3,22.4,58,12.4,0.0
2023-02-06,31.3,17.4,23.5,54,10.5,0.0
2023-02-07,30.4,18.9,24.0,50,9.6,0.0
2023-02-08,32.0,17.7,24.8,47,9.5,0.0
2023-02-09,33.6,17.5,25.1,38,10.5,0.0
2023-02-10,31.3,17.2,24.2,41,11.2,0.0
2023-02-11,32.1,17.0,24.5,37,9.5,0.0
2023-02-12,30.1,17.4,23.2,41,14.3,0.0
2023-02-13,30.4,15.1,22.1,49,14.2,0.0
2023-02-14,31.4,17.4,23.7,37,9.9,0.0
2023-02-15,30.9,17.0,23.4,38,12.7,0.0
2023-02-16,27.6,16.6,21.1,48,10.9,0.0
2023-02-17,30.1,16.7,22.6,42,12.1,0.0
2023-02-18,29.4,16.3,22.3,43,14.3,0.0
2023-02-19,30.7,16.2,22.9,43,11.7,0.0
2023-02-20,31.9,16.8,23.8,35,12.5,0.0
2023-02-21,31.7,16.6,23.2,38,12.6,0.0
2023-02-22,29.3,17.2,22.3,45,10.3,0.0
2023-02-23,31.5,16.7,22.6,46,11.1,0.0
2023-02-24,26.9,16.1,20.6,55,12.0,0.0
2023-02-25,27.8,14.9,20.6,59,12.6,0.0
2023-02-26,31.3,15.1,22.9,42,9.4,0.0
2023-02-27,32.1,17.0,23.4,33,12.3,0.0
2023-02-28,29.4,16.9,23.0,39,8.4,0.0
2023-03-01,31.0,16.4,23.4,42,10.0,0.0
2023-03-02,32.1,15.6,22.4,42,13.3,0.0
2023-03-03,28.3,16.2,21.2,52,10.2,0.0
2023-03-04,31.3,16.7,23.7,47,8.5,0.0
2023-03-05,29.5,17.2,22.4,49,9.9,0.0
2023-03-06,26.1,15.2,20.9,61,11.3,0.0
2023-03-07,29.3,14.6,21.4,50,10.4,0.0
2023-03-08,28.0,14.4,20.4,60,11.0,0.0
2023-03-09,28.5,15.6,21.6,50,12.7,0.0
2023-03-10,28.6,15.9,21.6,51,11.2,0.0
2023-03-11,28.1,15.0,20.3,57,11.0,0.0
2023-03-12,25.4,14.4,19.5,63,10.7,0.0
2023-03-13,27.8,14.1,19.9,69,9.1,0.0
2023-03-14,27.7,15.2,20.5,64,11.7,0.0
2023-03-15,28.3,15.8,20.8,48,11.1,0.0
2023-03-16,29.0,15.6,21.2,50,11.5,0.0
2023-03-17,27.5,15.9,20.9,62,9.3,0.0
2023-03-18,29.4,15.3,22.3,56,10.2,0.0
2023-03-19,30.5,15.9,22.7,46,12.4,0.0
2023-03-20,26.8,16.4,21.3,58,11.7,0.0
2023-03-21,29.0,15.2,21.9,51,9.2,0.0
2023-03-22,31.0,15.9,23.0,38,11.2,0.0
2023-03-23,31.3,15.8,23.1,32,10.0,0.0
2023-03-24,32.0,16.5,23.8,26,11.6,0.0
2023-03-25,31.0,15.9,23.0,28,10.8,0.0
2023-03-26,27.6,15.4,20.7,40,9.3,0.0
2023-03-27,26.6,16.2,20.2,52,9.0,0.0
2023-03-28,26.7,14.1,19.4,58,11.2,0.0
2023-03-29,27.5,14.2,20.1,51,10.6,0.0
2023-03-30,29.5,14.3,21.8,30,9.4,0.0
2023-03-31,31.7,15.3,23.2,23,10.5,0.0
2023-04-01,29.4,15.5,22.5,24,9.0,0.0
2023-04-02,28.9,14.9,21.8,32,11.4,0.0
2023-04-03,26.7,14.1,20.3,38,7.1,0.0
2023-04-04,28.8,14.7,20.8,35,9.2,0.0
2023-04-05,25.8,13.6,19.6,38,9.6,0.0
2023-04-06,27.7,14.8,20.9,38,8.1,0.0
2023-04-07,30.2,14.5,21.6,24,6.5,0.0
2023-04-08,28.3,14.7,20.7,26,8.2,0.0
2023-04-09,27.5,17.3,21.6,31,7.5,0.0
2023-04-10,28.4,14.2,21.2,31,7.6,0.0
2023-04-11,26.5,15.3,20.0,47,10.6,0.0
2023-04-12,21.9,14.1,17.2,66,8.5,0.0
2023-04-13,22.6,10.6,15.6,73,11.4,0.0
2023-04-14,18.6,11.4,14.2,77,9.0,0.0
2023-04-15,20.9,10.1,14.3,77,6.9,0.0
2023-04-16,19.8,10.0,13.9,71,9.1,0.2
2023-04-17,18.7,8.3,13.2,55,10.0,0.1
2023-04-18,22.2,7.7,14.5,34,7.8,0.0
2023-04-19,26.6,10.8,18.0,27,5.4,0.0
2023-04-20,25.0,10.5,16.9,49,12.1,0.0
2023-04-21,21.7,9.9,14.7,72,6.7,0.0
2023-04-22,23.4,10.3,16.6,55,8.7,0.0
2023-04-23,20.8,12.0,16.1,66,7.2,0.0
2023-04-24,24.2,10.3,16.8,54,9.3,0.0
2023-04-25,25.0,11.7,17.4,44,9.4,0.0
2023-04-26,24.8,16.2,19.9,41,7.3,0.0
2023-04-27,21.1,10.8,15.0,72,9.5,0.0
2023-04-28,19.0,10.8,14.8,72,11.0,0.0
2023-04-29,16.2,12.9,14.2,77,10.9,80.6
2023-04-30,14.0,6.9,11.6,78,10.6,30.2
2023-05-01,15.3,4.9,10.1,68,8.7,0.0
2023-05-02,17.5,5.4,11.3,58,5.9,0.0
2023-05-03,17.8,5.8,11.7,55,7.6,0.0
2023-05-04,17.0,6.6,11.2,59,8.7,0.0
2023-05-05,17.9,6.5,12.0,56,6.5,0.0
2023-05-06,15.3,6.4,11.1,67,6.8,0.0
2023-05-07,19.1,6.5,12.8,53,5.4,0.0
2023-05-08,23.5,6.7,14.7,52,10.1,0.0
2023-05-09,24.2,10.2,17.1,47,6.5,0.0
2023-05-10,24.3,11.7,18.1,51,6.5,0.0
2023-05-11,23.4,13.4,18.3,56,6.2,0.0
2023-05-12,24.4,13.0,18.4,53,5.2,0.0
2023-05-13,23.2,13.2,17.8,53,4.8,0.0
2023-05-14,23.8,12.4,16.9,54,7.6,0.0
2023-05-15,18.2,10.5,14.3,82,8.4,0.0
2023-05-16,18.2,10.1,13.3,88,7.0,0.8
2023-05-17,16.0,9.1,12.4,84,5.2,13.5
2023-05-18,19.0,7.4,12.6,67,6.4,0.0
2023-05-19,18.1,9.4,13.4,73,5.1,0.0
2023-05-20,19.1,7.5,12.6,67,8.0,0.0
2023-05-21,16.0,9.0,11.2,79,10.5,6.5
2023-05-22,18.0,9.7,13.0,72,12.7,20.1
2023-05-23,14.7,9.8,12.1,74,7.2,2.8
2023-05-24,14.2,8.9,11.5,78,6.4,0.1
2023-05-25,13.2,8.4,11.2,81,12.0,0.5
2023-05-26,14.2,6.7,10.7,80,6.2,0.0
2023-05-27,19.2,9.2,14.4,61,6.4,0.0
2023-05-28,19.8,9.1,13.6,58,6.9,0.0
2023-05-29,21.4,11.1,16.5,55,6.8,0.0
2023-05-30,19.9,11.7,14.9,59,5.1,0.1
2023-05-31,18.6,9.2,14.8,59,6.0,0.0
2023-06-01,18.0,10.7,14.4,54,6.5,0.0
2023-06-02,15.5,10.0,12.6,71,7.7,3.8
2023-06-03,14.2,10.2,12.4,87,5.6,0.9
2023-06-04,21.5,7.5,13.9,60,6.7,0.0
2023-06-05,22.2,11.1,16.1,51,6.1,0.0
2023-06-06,20.1,11.0,15.8,60,6.3,0.0
2023-06-07,20.3,11.5,15.8,61,5.8,0.0
2023-06-08,17.5,9.1,13.0,75,7.9,3.4
2023-06-09,13.0,8.9,11.5,90,10.9,37.4
2023-06-10,11.7,4.2,8.5,92,6.6,0.3
2023-06-11,11.3,3.1,6.9,74,6.1,0.0
2023-06-12,13.5,1.7,7.3,49,9.7,0.0
2023-06-13,15.8,2.4,8.4,39,11.2,0.0
2023-06-14,17.6,2.8,10.6,39,6.5,0.0
2023-06-15,18.4,7.6,13.0,45,6.1,0.0
2023-06-16,20.3,7.2,13.5,52,6.5,0.0
2023-06-17,23.1,8.0,14.7,51,8.6,0.0
2023-06-18,13.4,7.0,9.2,71,7.2,0.0
2023-06-19,15.8,7.3,11.2,81,9.8,5.2
2023-06-20,14.1,7.8,10.5,69,7.6,0.0
2023-06-21,16.0,9.1,12.5,74,9.5,2.5
2023-06-22,14.0,11.3,12.5,84,12.2,69.9
2023-06-23,14.9,12.2,13.7,88,12.9,45.2
2023-06-24,18.1,12.9,15.2,76,16.6,12.7
2023-06-25,17.0,11.4,13.6,79,6.8,7.7
2023-06-26,13.9,10.3,12.4,89,7.6,5.0
2023-06-27,12.5,5.4,10.1,81,7.6,0.3
2023-06-28,20.2,2.4,10.5,61,9.2,0.0
2023-06-29,18.9,6.0,12.4,62,6.9,0.0
2023-06-30,20.7,6.0,12.8,57,6.2,0.0
2023-07-01,22.7,6.1,12.1,58,7.6,0.0
2023-07-02,14.6,6.4,11.2,64,6.6,0.0
2023-07-03,16.5,4.7,10.5,62,5.1,0.0
2023-07-04,14.5,5.9,9.9,69,7.3,0.3
2023-07-05,14.2,4.2,9.2,71,7.2,0.0
2023-07-06,12.5,7.1,10.2,78,5.9,0.0
2023-07-07,12.0,6.9,9.1,71,10.4,0.1
2023-07-08,14.4,4.0,9.6,66,6.5,0.1
2023-07-09,13.8,5.8,9.7,74,5.1,0.0
2023-07-10,17.8,4.3,9.7,70,7.9,0.0
2023-07-11,11.2,6.4,8.9,83,7.3,8.3
2023-07-12,12.6,4.7,8.2,80,8.8,37.2
2023-07-13,17.6,-0.0,8.7,58,7.2,0.0
2023-07-14,16.0,6.3,10.7,61,5.4,0.0
2023-07-15,15.7,7.3,10.8,69,6.1,0.0
2023-07-16,18.1,6.3,11.1,63,6.6,0.0
2023-07-17,17.0,3.6,10.5,61,5.4,0.0
2023-07-18,20.1,9.0,13.8,59,20.5,0.0
2023-07-19,19.4,11.5,16.0,59,20.9,0.0
2023-07-20,18.3,8.0,13.3,61,7.9,0.0
2023-07-21,15.8,9.5,12.0,71,9.7,0.0
2023-07-22,9.9,5.1,8.6,87,13.3,43.6
2023-07-23,13.2,4.7,9.1,79,5.0,0.0
2023-07-24,16.5,8.5,12.7,65,6.3,0.0
2023-07-25,14.8,6.5,10.4,72,8.6,0.0
2023-07-26,16.1,1.6,9.5,67,6.5,0.0
2023-07-27,17.9,5.3,12.2,61,5.2,0.0
2023-07-28,22.5,5.7,13.8,58,6.4,0.0
2023-07-29,22.6,9.1,16.8,50,7.1,0.0
2023-07-30,22.6,11.2,16.5,56,4.5,0.0
2023-07-31,20.9,11.0,15.2,64,5.4,0.0
2023-08-01,21.6,8.2,14.5,60,4.7,0.0
2023-08-02,22.3,10.4,15.9,64,5.2,0.0
2023-08-03,22.7,9.0,15.8,59,6.4,0.0
2023-08-04,24.7,7.7,15.9,55,5.8,0.0
2023-08-05,15.1,7.4,10.9,74,8.9,0.0
2023-08-06,15.8,7.4,11.0,83,6.5,0.0
2023-08-07,18.3,4.6,11.4,54,6.5,0.0
2023-08-08,20.3,8.3,14.7,62,6.2,0.0
2023-08-09,17.6,10.2,13.5,64,7.3,0.0
2023-08-10,12.7,5.7,9.8,78,14.1,16.0
2023-08-11,16.1,1.1,8.5,76,8.5,0.0
2023-08-12,20.1,5.9,12.9,62,8.0,0.0
2023-08-13,23.1,7.3,14.8,56,6.2,0.0
2023-08-14,23.3,8.4,15.1,57,5.6,0.0
2023-08-15,18.4,9.3,12.7,72,7.6,0.1
2023-08-16,15.4,9.1,12.1,82,9.0,0.8
2023-08-17,13.1,6.7,10.2,86,10.1,9.7
2023-08-18,15.0,2.9,9.3,74,7.2,0.0
2023-08-19,10.5,7.3,9.5,83,13.6,46.9
2023-08-20,16.5,9.4,12.0,83,9.1,12.3
2023-08-21,14.8,9.8,11.9,75,14.2,0.1
2023-08-22,12.2,9.5,10.6,84,20.6,69.9
2023-08-23,11.8,7.2,9.0,88,8.7,38.7
2023-08-24,13.8,6.1,9.4,78,10.0,0.3
2023-08-25,15.4,3.2,9.1,74,8.0,0.0
2023-08-26,16.3,1.9,8.8,56,8.4,0.0
2023-08-27,20.5,1.8,11.0,57,6.5,0.0
2023-08-28,15.2,6.9,11.4,67,8.7,2.0
2023-08-29,18.7,1.5,10.5,65,8.6,0.0
2023-08-30,16.8,7.5,11.6,82,8.4,0.0
2023-08-31,20.6,6.3,12.8,66,10.0,0.0
2023-09-01,16.8,9.8,12.7,75,9.0,0.4
2023-09-02,15.2,7.0,10.7,83,13.5,6.2
2023-09-03,14.1,7.0,10.3,83,8.7,4.3
2023-09-04,12.5,7.0,9.8,82,12.7,6.4
2023-09-05,15.4,5.4,10.5,81,5.4,0.9
2023-09-06,12.3,8.6,10.3,91,8.0,36.6
2023-09-07,14.9,6.1,10.1,83,9.0,1.9
2023-09-08,16.8,8.1,12.1,76,8.6,1.3
2023-09-09,16.0,9.5,12.4,77,6.9,1.3
2023-09-10,14.7,10.0,11.8,77,6.3,0.7
2023-09-11,15.5,6.9,10.8,76,15.4,29.3
2023-09-12,13.7,3.9,8.4,76,8.3,1.5
2023-09-13,13.6,-0.7,7.9,67,7.8,0.0
2023-09-14,19.7,8.9,13.4,69,6.6,0.0
2023-09-15,21.8,7.3,14.5,65,7.6,0.0
2023-09-16,18.6,7.5,12.7,71,12.8,0.0
2023-09-17,11.0,8.3,9.5,93,11.1,4.3
2023-09-18,15.8,6.9,11.1,82,4.4,0.0
2023-09-19,21.7,9.9,14.4,70,7.6,0.0
2023-09-20,14.5,9.4,11.7,81,7.6,0.0
2023-09-21,16.8,8.3,12.1,79,10.0,0.0
2023-09-22,14.8,8.7,11.9,74,5.0,0.0
2023-09-23,16.5,9.6,13.3,70,7.1,0.0
2023-09-24,18.4,8.0,13.2,75,8.1,0.0
2023-09-25,15.8,7.9,11.7,71,15.3,0.2
2023-09-26,14.5,5.7,9.9,76,10.1,0.0
2023-09-27,18.8,4.0,11.5,64,8.3,0.0
2023-09-28,16.5,9.1,12.4,74,8.0,0.0
2023-09-29,20.6,6.6,13.5,64,7.9,0.0
2023-09-30,20.8,7.4,13.7,65,8.1,0.0
2023-10-01,16.5,7.1,11.1,78,10.0,0.7
2023-10-02,13.5,7.2,9.7,87,8.6,0.1
2023-10-03,14.2,5.4,9.9,81,6.4,13.4
2023-10-04,18.2,2.2,10.6,61,9.1,0.0
2023-10-05,16.9,6.3,11.0,70,11.9,1.6
2023-10-06,15.4,7.2,10.4,80,10.6,0.0
2023-10-07,19.1,1.7,11.8,64,8.8,0.0
2023-10-08,21.8,6.6,14.5,61,8.2,0.0
2023-10-09,23.1,7.4,15.5,57,10.0,0.0
2023-10-10,16.2,8.9,12.5,74,8.6,0.0
2023-10-11,17.7,6.0,11.9,71,8.7,0.0
2023-10-12,21.0,6.1,14.0,56,8.0,0.0
2023-10-13,22.2,6.2,14.9,53,8.7,0.0
2023-10-14,21.8,8.4,15.4,59,10.0,0.0
2023-10-15,20.3,8.4,14.4,62,10.9,0.0
2023-10-16,20.3,7.2,14.3,62,8.3,0.0
2023-10-17,23.7,9.0,16.0,56,12.1,0.0
2023-10-18,18.8,8.4,13.1,73,10.5,8.9
2023-10-19,24.3,5.6,15.5,51,7.7,0.0
2023-10-20,21.2,11.9,16.3,65,9.4,0.0
2023-10-21,15.2,10.3,12.8,87,4.1,0.0
2023-10-22,18.8,11.3,14.8,79,8.1,0.2
2023-10-23,19.6,10.0,13.3,87,10.4,0.2
2023-10-24,21.1,8.8,15.1,76,9.3,0.0
2023-10-25,22.1,9.6,15.5,66,10.4,0.0
2023-10-26,19.8,9.1,14.3,64,12.3,0.0
2023-10-27,16.2,6.5,11.1,79,10.4,0.0
2023-10-28,15.3,8.5,11.3,75,11.2,14.5
2023-10-29,17.1,9.1,11.8,82,14.2,23.8
2023-10-30,18.1,7.2,12.1,84,9.2,0.3
2023-10-31,19.7,9.6,13.7,75,11.5,0.0
2023-11-01,13.7,7.4,10.7,79,9.4,16.7
2023-11-02,14.8,5.8,10.0,76,7.4,15.2
2023-11-03,23.3,1.9,14.2,59,8.1,0.0
2023-11-04,20.1,8.7,14.3,64,12.5,0.0
2023-11-05,21.0,9.4,14.7,81,10.7,0.0
2023-11-06,19.7,9.5,13.9,76,11.8,0.0
2023-11-07,21.2,8.1,15.1,73,10.7,0.0
2023-11-08,24.7,10.4,17.8,59,9.7,0.0
2023-11-09,24.7,10.9,17.6,59,11.6,0.0
2023-11-10,16.3,9.8,13.1,89,12.8,48.2
2023-11-11,14.1,7.6,10.9,84,6.2,0.0
2023-11-12,16.1,7.2,11.6,83,9.5,0.2
2023-11-13,19.9,7.3,13.8,74,10.0,0.0
2023-11-14,20.3,8.3,13.8,70,12.4,0.1
2023-11-15,18.3,7.0,12.5,72,12.4,0.0
2023-11-16,20.9,5.9,13.5,64,14.1,0.0
2023-11-17,15.3,7.9,11.4,78,8.6,1.6
2023-11-18,20.1,7.0,14.5,57,7.0,0.0
2023-11-19,25.9,9.7,17.1,56,11.6,0.0
2023-11-20,23.0,10.2,16.4,66,9.8,0.0
2023-11-21,22.4,11.4,16.9,67,10.2,0.0
2023-11-22,23.3,10.5,16.9,65,11.4,0.0
2023-11-23,28.6,11.6,20.3,54,9.7,0.0
2023-11-24,25.5,13.2,19.3,58,13.1,0.0
2023-11-25,24.9,11.6,18.5,70,9.6,0.0
2023-11-26,24.3,12.1,18.9,68,11.0,0.0
2023-11-27,23.9,12.0,17.0,77,10.6,0.0
2023-11-28,21.5,10.4,15.7,78,12.1,0.0
2023-11-29,26.5,10.4,18.9,59,10.4,0.0
2023-11-30,24.1,11.3,18.1,58,14.2,0.0
2023-12-01,22.9,9.8,15.4,73,13.1,0.0
2023-12-02,24.0,10.5,16.9,62,12.1,0.0
2023-12-03,26.6,10.7,18.8,48,11.8,0.0
2023-12-04,26.6,12.2,18.6,46,13.0,0.0
2023-12-05,22.2,10.3,15.5,57,12.6,0.0
2023-12-06,26.7,10.8,18.6,48,10.2,0.0
2023-12-07,30.0,11.1,20.6,41,10.9,0.0
2023-12-08,25.9,15.6,19.6,59,12.6,0.0
2023-12-09,29.2,12.6,21.3,49,10.8,0.0
2023-12-10,32.1,12.8,21.2,42,15.5,0.0
2023-12-11,25.1,11.6,17.8,70,11.9,0.0
2023-12-12,28.5,15.0,21.2,51,12.4,0.0
2023-12-13,30.3,14.9,22.9,42,11.3,0.0
2023-12-14,25.7,14.6,19.9,48,13.8,0.0
2023-12-15,26.7,13.5,19.3,52,14.4,0.0
2023-12-16,22.1,10.1,15.2,65,15.1,0.0
2023-12-17,24.4,9.2,16.0,58,13.0,0.0
2023-12-18,28.2,12.7,19.6,46,12.6,0.0
2023-12-19,23.0,12.3,17.3,53,14.5,0.0
2023-12-20,28.4,11.9,19.4,52,12.6,0.0
2023-12-21,28.9,14.7,21.1,48,14.6,0.0
2023-12-22,30.4,14.5,21.8,49,13.4,0.0
2023-12-23,30.6,16.8,22.5,44,15.7,0.0
2023-12-24,27.5,15.7,20.8,50,13.6,0.0
2023-12-25,32.2,14.9,23.9,41,8.9,0.0
2023-12-26,25.8,15.1,21.2,52,10.8,0.0
2023-12-27,26.8,14.1,19.4,68,12.9,0.0
2023-12-28,20.2,12.9,16.0,82,9.7,0.0
2023-12-29,28.3,12.7,19.5,64,10.9,0.0
2023-12-30,25.2,12.6,17.7,71,13.5,0.0
2023-12-31,26.8,11.6,18.6,63,14.4,0.0
2024-01-01,28.6,13.7,20.0,57,13.1,0.0
2024-01-02,29.6,15.0,21.2,57,14.1,0.0
2024-01-03,29.0,16.3,21.7,55,11.8,0.0
2024-01-04,27.9,15.8,21.2,61,12.6,0.0
2024-01-05,25.6,16.4,20.2,65,12.1,0.0
2024-01-06,26.2,15.4,19.9,67,13.6,0.0
2024-01-07,28.7,14.3,20.9,54,13.0,0.0
2024-01-08,28.7,15.3,21.0,46,15.7,0.0
2024-01-09,28.6,15.8,20.9,46,13.6,0.0
2024-01-10,28.7,15.2,21.1,47,12.2,0.0
2024-01-11,29.0,16.1,21.4,45,12.6,0.0
2024-01-12,27.3,15.2,20.3,53,12.8,0.0
2024-01-13,26.5,13.5,19.1,58,12.9,0.0
2024-01-14,32.1,14.4,23.3,36,11.9,0.0
2024-01-15,29.6,14.2,22.6,34,16.5,0.0
2024-01-16,30.0,12.1,21.5,41,11.2,0.0
2024-01-17,29.0,16.6,22.4,43,13.7,0.0
2024-01-18,30.4,14.8,22.3,48,10.9,0.0
2024-01-19,31.8,16.3,23.9,41,11.5,0.0
2024-01-20,29.8,19.4,24.0,39,9.6,0.0
2024-01-21,31.9,18.8,24.4,40,12.6,0.0
2024-01-22,32.7,17.4,24.7,42,14.5,0.0
2024-01-23,29.9,17.4,22.8,55,10.5,0.0
2024-01-24,33.6,19.2,25.3,46,14.8,0.0
2024-01-25,30.6,18.5,24.2,53,13.7,0.0
2024-01-26,29.2,17.2,22.5,57,10.5,0.0
2024-01-27,32.3,18.7,23.9,54,15.1,0.0
2024-01-28,28.8,18.5,22.9,59,13.1,0.0
2024-01-29,31.4,17.6,23.7,55,12.5,0.0
2024-01-30,33.3,17.2,25.4,45,11.6,0.0
2024-01-31,35.0,18.7,26.7,34,13.4,0.0
2024-02-01,33.6,18.2,25.3,35,14.9,0.0
2024-02-02,33.7,19.5,26.1,35,16.9,0.0
2024-02-03,34.4,17.6,26.2,30,10.7,0.0
2024-02-04,29.7,17.4,23.9,43,11.5,0.0
2024-02-05,31.5,16.0,23.1,54,10.9,0.0
2024-02-06,29.9,18.0,23.6,48,12.1,0.0
2024-02-07,32.6,17.3,24.3,50,12.6,0.0
2024-02-08,31.4,18.3,24.2,51,17.0,0.0
2024-02-09,29.8,17.6,22.7,45,13.2,0.0
2024-02-10,32.5,16.9,24.2,44,12.4,0.0
2024-02-11,28.9,17.5,22.3,51,11.5,0.0
2024-02-12,32.8,15.9,24.2,46,11.1,0.0
2024-02-13,30.3,17.4,23.4,42,14.0,0.0
2024-02-14,30.7,17.1,22.3,56,10.1,0.0
2024-02-15,32.1,17.8,22.8,57,13.0,0.0
2024-02-16,29.0,17.3,22.2,62,10.5,0.0
2024-02-17,31.3,17.7,24.1,49,12.1,0.0
2024-02-18,32.2,17.4,24.2,41,12.3,0.0
2024-02-19,27.2,16.6,21.3,56,11.0,0.0
2024-02-20,28.2,13.8,20.2,68,13.2,0.0
2024-02-21,27.6,14.3,19.6,70,14.3,0.0
2024-02-22,17.7,12.7,15.0,90,12.1,15.0
2024-02-23,26.2,12.9,19.6,66,7.2,0.7
2024-02-24,27.5,14.3,20.8,60,9.5,0.0
2024-02-25,28.2,14.6,20.9,58,10.9,0.0
2024-02-26,29.5,15.9,22.2,58,9.6,0.0
2024-02-27,28.7,16.5,21.9,53,11.3,0.0
2024-02-28,29.9,16.7,22.5,50,9.8,0.0
2024-02-29,30.7,15.8,22.9,47,9.8,0.0
2024-03-01,27.6,18.5,22.5,48,10.7,0.0
2024-03-02,29.1,17.8,22.5,46,9.6,0.0
2024-03-03,29.2,18.4,22.8,39,9.9,0.0
2024-03-04,30.0,15.4,22.7,41,8.7,0.0
2024-03-05,28.1,14.8,21.1,48,8.9,0.0
2024-03-06,27.7,15.9,21.3,51,9.3,0.0
2024-03-07,26.6,14.5,19.9,51,12.6,0.0
2024-03-08,26.8,13.4,18.8,49,14.0,0.0
2024-03-09,28.6,12.9,21.0,41,10.2,0.0
2024-03-10,27.9,14.2,20.9,46,14.9,0.0
2024-03-11,26.9,13.5,19.1,59,12.5,0.0
2024-03-12,26.7,13.2,19.2,52,11.1,0.0
2024-03-13,27.1,15.2,20.1,46,11.0,0.0
2024-03-14,26.8,15.3,20.5,43,9.8,0.0
2024-03-15,27.1,16.3,20.6,38,9.8,0.0
2024-03-16,27.3,15.9,20.5,37,9.4,0.0
2024-03-17,28.8,14.4,21.3,32,11.8,0.0
2024-03-18,29.9,13.9,22.1,30,9.8,0.0
2024-03-19,26.5,15.8,20.6,38,13.7,0.0
2024-03-20,21.1,12.5,15.9,71,12.7,1.0
2024-03-21,30.6,15.0,21.6,50,12.1,1.0
2024-03-22,30.9,15.9,22.8,40,12.1,0.0
2024-03-23,28.5,17.6,22.2,51,11.2,0.0
2024-03-24,29.5,18.4,22.7,50,8.3,0.0
2024-03-25,27.4,15.4,21.4,54,11.0,0.0
2024-03-26,27.9,15.8,21.0,61,7.9,0.0
2024-03-27,28.1,15.6,21.2,61,8.9,0.0
2024-03-28,28.7,15.9,21.4,54,10.7,0.0
2024-03-29,29.3,16.0,22.2,52,11.5,0.0
2024-03-30,29.3,14.7,22.1,49,8.8,0.0
2024-03-31,28.0,17.8,22.1,34,10.8,0.0
2024-04-01,25.6,15.9,19.8,35,12.0,0.0
2024-04-02,23.8,14.5,18.7,43,20.2,5.2
2024-04-03,20.3,13.4,16.1,64,5.9,0.0
2024-04-04,26.1,14.3,19.2,52,8.7,0.0
2024-04-05,27.8,13.6,19.6,42,10.0,0.0
2024-04-06,24.3,13.8,18.4,54,11.6,0.0
2024-04-07,27.7,11.9,18.9,40,9.7,0.0
2024-04-08,24.7,15.2,19.2,45,9.5,0.0
2024-04-09,25.7,14.9,19.2,44,8.8,0.0
2024-04-10,26.5,13.1,18.9,37,12.2,0.0
2024-04-11,22.0,11.4,16.0,52,9.3,0.0
2024-04-12,16.1,9.5,13.0,72,8.8,0.0
2024-04-13,16.9,9.6,13.0,74,8.0,5.0
2024-04-14,18.8,9.0,13.6,74,9.0,1.1
2024-04-15,17.2,10.9,12.7,80,8.0,6.5
2024-04-16,22.2,8.3,14.8,60,8.9,0.0
2024-04-17,26.8,8.3,17.1,34,5.9,0.0
2024-04-18,29.7,11.4,19.6,38,9.0,0.0
2024-04-19,23.5,12.9,18.1,47,6.1,0.0
2024-04-20,21.5,13.0,17.1,51,7.2,0.0
2024-04-21,17.1,11.4,15.2,65,12.5,0.1
2024-04-22,19.7,10.3,14.3,68,11.8,0.2
2024-04-23,24.0,8.6,15.5,51,7.2,0.0
2024-04-24,21.9,9.8,14.5,49,12.0,0.0
2024-04-25,20.6,8.3,14.0,53,10.9,0.0
2024-04-26,18.6,9.6,13.5,58,10.6,0.0
2024-04-27,19.2,8.5,13.2,59,8.0,0.0
2024-04-28,16.7,7.6,11.5,51,9.6,0.0
2024-04-29,16.2,7.1,11.8,49,13.4,0.0
2024-04-30,14.9,7.3,10.9,70,12.0,7.7
2024-05-01,13.2,5.7,9.7,81,8.4,0.9
2024-05-02,14.3,0.6,8.0,68,6.5,0.0
2024-05-03,15.9,5.7,10.4,62,9.4,0.0
2024-05-04,16.6,6.4,11.3,57,7.7,0.0
2024-05-05,15.3,7.7,10.7,62,5.4,0.0
2024-05-06,15.2,5.2,9.7,70,9.8,0.5
2024-05-07,9.2,3.6,6.4,82,13.5,32.7
2024-05-08,14.0,-3.4,5.0,77,9.8,0.0
2024-05-09,17.5,0.9,8.3,63,8.0,0.0
2024-05-10,12.8,5.0,8.5,70,6.3,0.0
2024-05-11,13.0,4.4,8.1,70,7.0,0.1
2024-05-12,12.2,1.5,7.9,71,7.3,1.2
2024-05-13,13.7,-0.1,6.0,55,6.6,0.0
2024-05-14,15.2,0.3,7.3,51,6.8,0.0
2024-05-15,8.5,1.7,5.4,74,8.6,4.6
2024-05-16,12.8,-1.6,5.6,67,7.6,0.0
2024-05-17,12.5,1.2,6.3,59,7.9,0.2
2024-05-18,14.3,-0.9,6.2,55,8.6,0.0
2024-05-19,17.8,0.2,9.3,48,6.2,0.0
2024-05-20,10.3,7.9,9.2,77,11.5,31.5
2024-05-21,13.9,7.6,10.0,86,7.2,8.3
2024-05-22,9.9,6.8,8.4,88,9.0,34.9
2024-05-23,11.8,0.7,6.8,84,6.6,16.1
2024-05-24,15.4,-1.8,6.9,67,16.9,0.0
2024-05-25,15.6,7.1,10.4,75,18.0,1.2
2024-05-26,13.3,0.8,7.6,79,7.7,18.3
2024-05-27,17.6,-0.3,7.9,61,8.7,0.0
2024-05-28,21.0,4.0,11.3,57,8.0,0.0
2024-05-29,19.6,9.6,12.9,52,5.4,0.0
2024-05-30,20.4,8.4,13.2,55,5.4,0.0
2024-05-31,18.9,5.6,11.0,56,7.6,0.0
2024-06-01,19.9,2.0,10.3,64,8.3,0.0
2024-06-02,21.4,10.8,14.0,61,8.6,0.0
2024-06-03,19.4,11.4,14.8,59,8.3,0.0
2024-06-04,20.2,8.5,13.0,69,7.6,0.6
2024-06-05,16.1,8.5,12.3,71,9.7,0.5
2024-06-06,18.3,8.7,13.1,61,4.7,0.0
2024-06-07,21.3,9.7,14.5,59,4.3,0.0
2024-06-08,15.8,9.3,12.0,69,9.7,6.0
2024-06-09,14.0,6.9,10.0,82,15.8,34.0
2024-06-10,15.5,8.3,11.0,75,9.1,0.0
2024-06-11,15.8,9.9,12.0,68,8.6,0.0
2024-06-12,14.7,9.8,11.8,60,13.7,0.0
2024-06-13,11.7,8.4,9.8,85,14.8,62.2
2024-06-14,13.5,3.6,8.6,82,10.5,24.6
2024-06-15,13.3,1.3,6.9,72,6.9,2.4
2024-06-16,14.1,0.3,7.3,70,6.2,0.0
2024-06-17,14.3,2.4,8.0,65,9.1,9.4
2024-06-18,10.6,5.1,7.9,87,22.5,37.5
2024-06-19,14.5,4.8,8.9,77,9.0,15.1
2024-06-20,13.1,6.3,9.2,65,7.8,0.0
2024-06-21,10.1,5.6,7.0,89,10.9,51.6
2024-06-22,7.1,2.5,5.4,91,10.1,42.8
2024-06-23,9.9,5.2,6.8,84,5.5,0.8
2024-06-24,8.8,4.6,6.4,87,6.8,0.0
2024-06-25,9.5,0.1,5.5,83,7.3,0.3
2024-06-26,17.2,-1.8,7.3,62,7.2,0.0
2024-06-27,16.0,5.4,10.3,66,5.1,0.0
2024-06-28,16.2,3.2,8.4,70,6.1,0.0
2024-06-29,19.0,2.6,9.1,61,6.9,0.0
2024-06-30,19.8,4.0,10.2,59,7.9,0.0
2024-07-01,20.9,3.1,10.0,57,6.8,0.0
2024-07-02,18.4,4.1,10.1,56,5.5,0.0
2024-07-03,17.7,6.0,10.5,58,6.2,0.0
2024-07-04,14.9,4.5,8.8,63,4.7,0.0
2024-07-05,16.4,1.6,8.3,58,6.6,0.0
2024-07-06,13.9,2.4,7.7,55,6.9,0.0
2024-07-07,14.7,2.0,7.9,55,7.2,0.0
2024-07-08,14.9,1.6,7.6,54,7.3,0.0
2024-07-09,11.9,1.2,5.7,59,8.5,0.0
2024-07-10,9.6,0.4,4.9,74,6.1,0.0
2024-07-11,11.3,0.2,4.9,62,6.2,0.0
2024-07-12,15.1,-1.4,6.2,45,7.6,0.0
2024-07-13,15.8,1.1,7.1,48,5.8,0.0
2024-07-14,16.3,1.5,7.9,52,6.9,0.0
2024-07-15,19.5,4.2,10.5,51,8.6,0.0
2024-07-16,21.2,7.0,12.6,54,7.9,0.0
2024-07-17,21.5,5.8,13.1,48,7.3,0.0
2024-07-18,16.1,8.4,12.3,59,6.8,0.1
2024-07-19,15.7,6.7,11.4,72,7.0,0.0
2024-07-20,15.4,5.0,9.5,69,7.1,0.0
2024-07-21,13.9,5.8,9.1,78,10.0,0.0
2024-07-22,18.1,4.2,11.0,51,6.4,0.0
2024-07-23,10.9,5.5,8.5,75,10.1,2.2
2024-07-24,17.2,0.5,8.2,70,8.0,0.0
2024-07-25,19.5,3.2,10.2,58,8.1,0.0
2024-07-26,14.4,4.4,9.0,67,5.8,0.0
2024-07-27,16.1,8.3,11.7,62,6.2,0.0
2024-07-28,17.8,5.1,10.5,61,6.1,0.0
2024-07-29,23.6,4.1,12.4,53,7.9,0.0
2024-07-30,19.0,8.4,13.6,56,6.8,0.0
2024-07-31,14.8,8.7,11.6,66,10.8,0.0
2024-08-01,13.2,7.8,9.7,71,7.9,0.0
2024-08-02,11.5,5.2,8.0,85,13.7,69.1
2024-08-03,15.6,1.6,7.1,72,9.8,15.6
2024-08-04,14.5,3.9,8.6,60,5.4,0.0
2024-08-05,9.4,5.1,7.1,77,7.5,19.8
2024-08-06,10.5,1.6,5.8,81,7.5,8.2
2024-08-07,9.6,-1.6,3.4,70,7.1,0.1
2024-08-08,13.5,-4.5,3.4,64,8.3,0.0
2024-08-09,18.4,-3.1,7.3,55,9.7,0.0
2024-08-10,19.1,2.3,10.3,54,7.8,0.0
2024-08-11,20.4,3.2,10.8,63,6.5,0.0
2024-08-12,23.8,4.8,13.0,56,7.9,0.0
2024-08-13,20.8,7.5,12.9,64,8.9,0.0
2024-08-14,15.0,8.2,11.6,76,4.3,0.0
2024-08-15,16.7,7.4,11.3,72,8.1,0.1
2024-08-16,12.6,5.3,9.2,78,5.5,0.0
2024-08-17,15.2,7.3,10.8,75,7.8,0.0
2024-08-18,13.4,7.6,9.8,74,7.6,0.0
2024-08-19,11.9,6.2,8.8,75,7.1,0.0
2024-08-20,9.7,4.1,6.3,84,9.4,0.3
2024-08-21,10.5,1.8,5.5,79,15.7,12.8
2024-08-22,10.3,-2.7,4.1,76,9.0,1.1
2024-08-23,8.8,-2.8,3.3,76,9.8,11.2
2024-08-24,16.4,-5.4,4.7,55,11.9,0.0
2024-08-25,19.1,0.6,9.8,62,8.6,0.0
2024-08-26,16.4,0.6,8.9,65,8.0,0.0
2024-08-27,18.7,0.6,9.9,59,10.1,0.0
2024-08-28,15.5,4.3,10.6,73,8.2,0.0
2024-08-29,11.2,5.0,8.3,88,6.3,0.2
2024-08-30,12.6,4.7,8.2,82,7.9,0.4
2024-08-31,18.4,1.2,9.9,61,9.0,0.0
2024-09-01,23.9,4.9,14.1,57,7.3,0.0
2024-09-02,14.1,6.5,11.0,74,11.5,0.7
2024-09-03,15.0,3.1,9.2,79,6.5,0.0
2024-09-04,18.5,3.5,11.5,64,7.2,0.0
2024-09-05,21.2,4.7,12.9,54,7.6,0.0
2024-09-06,17.2,9.5,13.2,65,9.3,0.0
2024-09-07,16.0,7.7,11.4,83,7.6,0.0
2024-09-08,18.5,6.3,12.7,69,5.8,0.0
2024-09-09,20.4,11.2,15.4,62,7.8,0.0
2024-09-10,17.1,8.5,12.4,73,13.2,0.7
2024-09-11,17.0,4.7,11.6,78,7.2,0.0
2024-09-12,16.1,6.5,10.5,71,10.9,0.7
2024-09-13,16.7,6.5,11.3,81,7.6,0.0
2024-09-14,20.6,2.7,12.4,50,7.6,0.0
2024-09-15,21.4,5.2,13.5,50,7.1,0.0
2024-09-16,23.6,5.6,15.4,44,10.4,0.0
2024-09-17,20.7,8.7,14.5,58,8.5,0.0
2024-09-18,21.6,7.7,12.8,63,10.9,0.0
2024-09-19,14.2,5.9,9.5,78,13.3,3.2
2024-09-20,17.8,3.3,11.2,68,6.2,0.0
2024-09-21,16.4,6.9,11.8,63,8.9,0.0
2024-09-22,13.0,8.1,10.0,76,14.0,4.1
2024-09-23,15.1,8.2,11.0,79,12.6,0.9
2024-09-24,16.8,5.9,10.8,79,9.4,0.5
2024-09-25,15.9,5.1,10.4,72,7.1,0.0
2024-09-26,23.1,0.4,12.7,46,9.6,0.0
2024-09-27,21.2,7.4,14.9,52,7.2,0.0
2024-09-28,22.7,11.4,17.1,51,7.4,0.0
2024-09-29,17.6,8.3,12.4,68,8.4,0.0
2024-09-30,17.0,8.0,11.5,78,17.7,0.1
2024-10-01,15.5,7.9,11.6,71,10.8,0.0
2024-10-02,19.9,6.2,13.0,62,8.4,0.0
2024-10-03,24.1,9.4,16.6,58,8.0,0.0
2024-10-04,23.8,10.8,17.1,52,9.5,0.0
2024-10-05,23.9,10.6,17.8,55,7.9,0.0
2024-10-06,23.1,13.4,16.9,68,16.5,0.3
2024-10-07,20.6,11.4,16.2,77,12.9,5.3
2024-10-08,15.5,9.6,12.0,90,8.1,4.3
2024-10-09,17.5,10.2,13.9,81,6.7,0.0
2024-10-10,16.6,8.5,12.9,81,11.2,1.1
2024-10-11,17.1,9.7,12.8,88,7.4,0.0
2024-10-12,17.4,10.6,14.1,78,6.9,0.0
2024-10-13,22.5,8.6,16.0,65,9.2,0.0
2024-10-14,20.8,9.2,15.4,65,8.5,0.0
2024-10-15,26.7,8.2,17.4,54,8.2,0.0
2024-10-16,18.8,10.6,14.1,67,12.7,0.0
2024-10-17,24.6,7.0,16.9,58,7.8,0.0
2024-10-18,27.1,10.4,19.0,53,7.0,0.0
2024-10-19,21.4,9.9,15.4,70,12.4,0.2
2024-10-20,18.5,7.4,11.8,79,11.4,1.3
2024-10-21,21.7,7.9,15.0,70,9.4,0.0
2024-10-22,22.6,9.7,15.2,74,15.3,6.7
2024-10-23,17.3,9.1,12.3,85,10.4,5.6
2024-10-24,24.2,5.2,15.4,65,11.8,0.0
2024-10-25,22.2,9.0,15.0,76,9.2,0.0
2024-10-26,27.5,8.4,18.2,49,9.4,0.0
2024-10-27,26.0,11.1,19.0,58,8.6,0.0
2024-10-28,30.1,10.6,20.4,51,10.2,0.0
2024-10-29,23.5,12.7,18.0,66,9.8,0.0
2024-10-30,24.6,12.1,17.5,77,10.6,0.0
2024-10-31,25.5,11.0,18.1,67,11.2,0.0
2024-11-01,19.5,10.7,13.7,79,12.7,0.0
2024-11-02,24.0,9.1,16.8,55,10.3,0.0
2024-11-03,22.1,8.9,15.5,55,15.9,0.0
2024-11-04,22.1,8.0,15.0,54,11.6,0.0
2024-11-05,25.0,8.7,17.0,47,11.6,0.0
2024-11-06,25.3,14.8,19.3,45,10.4,0.0
2024-11-07,23.5,12.0,18.9,50,9.0,0.1
2024-11-08,27.9,12.4,20.2,46,11.1,0.0
2024-11-09,26.3,13.2,19.8,54,14.0,0.0
2024-11-10,20.0,11.2,15.5,70,11.1,0.7
2024-11-11,24.5,9.4,17.4,54,12.3,0.0
2024-11-12,28.8,10.9,20.6,37,12.3,0.0
2024-11-13,25.6,13.6,20.2,51,12.9,0.0
2024-11-14,24.8,13.3,18.2,68,11.2,0.0
2024-11-15,23.2,10.7,16.7,73,11.3,0.0
2024-11-16,18.4,11.4,14.8,83,8.2,4.3
2024-11-17,24.1,9.1,16.1,69,10.0,0.6
2024-11-18,24.8,12.7,17.7,53,11.4,0.0
2024-11-19,24.6,11.0,16.6,60,12.9,0.0
2024-11-20,23.3,12.2,17.2,64,9.4,0.0
2024-11-21,26.1,13.8,18.8,58,13.0,0.0
2024-11-22,24.8,11.2,17.8,62,10.6,0.0
2024-11-23,27.7,13.0,19.6,53,13.0,0.0
2024-11-24,26.3,12.6,19.3,55,12.9,0.0
2024-11-25,25.2,14.1,19.0,50,13.5,0.0
2024-11-26,25.0,11.9,17.9,52,12.9,0.0
2024-11-27,23.5,11.3,16.4,57,12.0,0.0
2024-11-28,24.9,9.7,17.0,55,12.5,0.0
2024-11-29,26.9,13.7,19.7,42,12.2,0.0
2024-11-30,24.4,11.5,18.2,41,13.1,0.0
2024-12-01,22.8,8.8,15.4,61,10.9,0.0
2024-12-02,24.8,11.7,17.7,48,11.4,0.0
2024-12-03,24.8,12.3,17.6,55,13.0,0.0
2024-12-04,23.6,10.4,16.1,67,12.9,0.0
2024-12-05,21.5,8.3,14.4,66,14.0,0.0
2024-12-06,24.4,9.8,16.8,56,14.4,0.0
2024-12-07,25.1,13.3,18.5,48,13.6,0.0
2024-12-08,23.9,11.3,16.8,45,13.0,0.0
2024-12-09,28.7,11.7,19.8,48,11.0,0.0
2024-12-10,26.9,15.4,20.3,51,11.3,0.0
2024-12-11,28.2,14.6,20.8,48,11.8,0.0
2024-12-12,26.3,11.6,18.3,51,12.9,0.0
2024-12-13,28.5,14.1,20.6,47,12.2,0.0
2024-12-14,29.5,15.7,21.2,49,12.8,0.0
2024-12-15,25.9,14.4,19.4,55,12.1,0.0
2024-12-16,27.0,13.5,19.1,56,12.7,0.0
2024-12-17,24.9,12.7,18.2,63,12.0,0.0
2024-12-18,27.2,12.1,19.6,60,10.7,0.0
2024-12-19,31.2,16.4,23.2,44,14.3,0.0
2024-12-20,28.2,15.7,21.2,44,12.8,0.0
2024-12-21,30.8,15.7,23.1,46,10.7,0.0
2024-12-22,32.1,18.6,24.4,44,12.0,0.0
2024-12-23,28.4,19.2,23.3,47,12.1,0.0
2024-12-24,29.4,16.7,22.4,50,13.5,0.0
2024-12-25,28.0,15.7,21.0,56,11.4,0.0
2024-12-26,26.2,13.5,19.0,66,11.7,0.0
2024-12-27,26.9,14.4,19.9,64,11.9,0.0
2024-12-28,28.1,15.0,20.3,62,12.5,0.0
2024-12-29,29.4,15.0,21.5,60,11.9,0.0
2024-12-30,28.5,15.5,21.3,58,12.0,0.0
2024-12-31,29.0,16.7,22.0,47,12.9,0.0
2025-01-01,28.5,16.9,22.0,47,13.0,0.0
2025-01-02,29.6,16.3,22.0,41,11.8,0.0
2025-01-03,29.1,17.7,22.6,47,12.5,0.0
2025-01-04,28.8,15.4,21.7,59,10.1,0.0
2025-01-05,29.0,18.0,23.6,53,7.7,0.2
2025-01-06,28.1,17.8,22.2,60,11.3,0.0
2025-01-07,25.8,14.1,19.1,72,10.0,0.0
2025-01-08,28.2,14.6,20.4,65,12.1,0.0
2025-01-09,30.4,16.5,22.9,52,12.0,0.0
2025-01-10,30.7,18.1,23.7,47,12.5,0.0
2025-01-11,32.3,18.2,24.3,37,14.1,0.0
2025-01-12,26.5,17.5,22.0,50,11.9,0.0
2025-01-13,28.5,15.3,21.2,64,12.1,0.0
2025-01-14,29.5,16.5,22.2,54,13.9,0.0
2025-01-15,30.8,17.0,23.2,39,13.4,0.0
2025-01-16,30.6,17.4,23.4,51,11.2,0.0
2025-01-17,29.9,17.0,22.7,40,13.8,0.0
2025-01-18,27.4,15.5,20.8,41,12.2,0.0
2025-01-19,31.8,15.4,23.1,37,11.4,0.0
2025-01-20,28.0,16.6,21.6,46,12.1,0.0
2025-01-21,28.2,14.9,20.4,57,12.8,0.0
2025-01-22,26.5,14.3,19.8,65,10.2,0.0
2025-01-23,29.1,13.7,21.2,53,10.9,0.0
2025-01-24,31.2,16.5,23.6,45,10.5,0.0
2025-01-25,31.4,19.1,24.0,39,11.6,0.0
2025-01-26,29.6,18.0,22.8,42,11.2,0.0
2025-01-27,30.9,16.4,23.1,48,11.3,0.0
2025-01-28,31.6,18.3,23.8,43,11.4,0.0
2025-01-29,29.2,17.5,22.7,40,12.4,0.0
2025-01-30,27.7,16.6,21.2,55,10.4,0.0
2025-01-31,30.4,15.4,22.3,50,10.6,0.0
2025-02-01,30.4,17.5,22.8,47,12.1,0.0
2025-02-02,28.9,16.2,21.8,50,10.6,0.0
2025-02-03,30.4,16.1,22.7,41,12.0,0.0
2025-02-04,30.1,18.0,23.3,38,11.7,0.0
2025-02-05,31.4,17.5,23.7,37,9.5,0.0
2025-02-06,33.0,17.8,24.1,41,12.0,0.0
2025-02-07,29.3,18.8,23.6,43,10.3,0.0
2025-02-08,33.9,18.3,25.5,42,10.8,0.0
2025-02-09,30.5,19.7,25.4,43,13.7,0.0
2025-02-10,28.1,17.8,22.0,61,11.7,0.0
2025-02-11,29.2,16.6,21.8,54,11.6,0.0
2025-02-12,28.7,16.6,21.9,39,10.6,0.0
2025-02-13,30.1,17.4,22.6,38,10.0,0.0
2025-02-14,27.9,15.7,20.8,42,11.9,0.0
2025-02-15,25.4,14.2,18.7,47,10.3,0.0
2025-02-16,27.6,13.5,19.7,47,10.2,0.0
2025-02-17,29.3,15.5,21.5,44,9.2,0.0
2025-02-18,29.5,16.9,21.9,39,11.9,0.0
2025-02-19,24.5,14.7,19.0,58,10.6,0.0
2025-02-20,28.5,14.5,20.6,58,11.2,0.0
2025-02-21,30.6,16.7,22.9,50,10.4,0.0
2025-02-22,30.5,18.5,23.8,44,10.1,0.0
2025-02-23,31.3,18.0,23.8,44,11.2,0.0
2025-02-24,31.1,17.6,23.7,44,10.1,0.0
2025-02-25,30.5,18.8,23.7,44,9.9,0.0
2025-02-26,31.4,18.3,23.7,36,10.8,0.0
2025-02-27,28.0,16.5,21.7,42,10.0,0.0
2025-02-28,25.9,15.3,19.8,56,11.3,0.0
2025-03-01,27.4,14.8,20.1,64,10.8,0.0
2025-03-02,25.3,14.3,18.7,69,10.9,0.0
2025-03-03,27.2,13.0,19.5,61,11.2,0.0
2025-03-04,27.9,14.9,20.5,53,9.6,0.0
2025-03-05,27.4,16.2,21.0,49,11.3,0.0
2025-03-06,25.9,15.4,19.4,62,10.5,0.0
2025-03-07,26.0,13.7,19.1,65,11.7,0.0
2025-03-08,29.6,14.6,21.4,53,9.1,0.0
2025-03-09,30.1,17.5,22.7,35,10.8,0.0
2025-03-10,27.9,16.6,21.4,43,9.2,0.0
2025-03-11,29.5,17.2,22.5,42,9.0,0.0
2025-03-12,30.7,18.4,23.5,37,9.4,0.0
2025-03-13,29.1,16.1,22.2,44,10.2,0.0
2025-03-14,25.1,14.0,18.6,67,10.0,0.0
2025-03-15,25.3,13.3,18.2,72,9.5,0.0
2025-03-16,28.2,13.9,20.2,57,8.1,0.0
2025-03-17,29.9,16.5,22.2,46,9.3,0.0
2025-03-18,32.4,16.9,23.5,34,10.3,0.0
2025-03-19,24.9,14.8,19.7,53,8.8,0.0
2025-03-20,26.8,14.3,19.3,63,8.0,0.0
2025-03-21,28.0,15.7,20.8,56,9.2,0.0
2025-03-22,27.3,16.4,21.1,57,10.1,0.0
2025-03-23,25.4,13.9,18.7,56,14.0,0.0
2025-03-24,23.8,12.5,16.8,54,12.2,0.0
2025-03-25,21.1,12.0,15.5,60,10.4,1.1
2025-03-26,26.8,11.1,17.7,54,9.6,1.1
2025-03-27,21.8,12.1,15.9,67,11.5,0.2
2025-03-28,23.8,11.1,17.3,60,6.7,0.2
2025-03-29,25.2,13.3,18.6,59,12.5,0.0
2025-03-30,13.9,10.1,12.6,88,7.8,17.2
2025-03-31,20.4,6.9,13.6,61,5.8,0.0
2025-04-01,21.4,12.2,15.9,51,6.8,0.0
2025-04-02,22.4,11.3,16.6,47,6.8,0.0
2025-04-03,25.8,12.7,18.6,39,4.1,0.0
2025-04-04,25.6,13.6,19.2,46,7.3,0.0
2025-04-05,19.6,10.3,15.0,73,8.6,0.0
2025-04-06,20.7,9.6,14.3,79,8.6,1.2
2025-04-07,25.9,12.5,18.5,50,5.9,0.0
2025-04-08,24.5,13.1,18.2,55,9.1,0.0
2025-04-09,23.0,10.9,15.6,73,8.9,0.0
2025-04-10,19.8,9.5,13.9,78,11.1,0.0
2025-04-11,15.6,9.8,12.2,86,6.5,0.1
2025-04-12,23.6,9.3,15.7,56,6.3,0.0
2025-04-13,23.6,13.9,17.6,42,7.9,0.0
2025-04-14,21.5,10.9,14.8,58,10.7,0.0
2025-04-15,23.5,10.9,16.1,60,7.6,0.0
2025-04-16,23.0,11.4,16.2,61,9.9,0.0
2025-04-17,21.0,14.3,16.6,50,4.3,0.0
2025-04-18,26.7,13.0,18.9,32,8.0,0.0
2025-04-19,25.7,14.8,18.9,34,8.9,0.0
2025-04-20,24.7,13.1,17.2,50,9.0,0.0
2025-04-21,22.9,13.7,17.3,48,7.7,0.0
2025-04-22,24.4,14.0,18.0,41,8.7,0.0
2025-04-23,19.2,13.1,16.2,57,4.3,0.2
2025-04-24,20.7,11.2,14.9,82,9.4,0.0
2025-04-25,16.9,11.2,13.8,74,8.5,2.1
2025-04-26,18.9,9.5,13.4,78,5.0,0.0
2025-04-27,23.2,9.9,16.0,53,5.1,0.0
2025-04-28,24.5,11.4,16.9,49,6.3,0.0
2025-04-29,19.7,10.4,14.1,74,6.4,0.0
2025-04-30,15.2,9.0,11.1,88,6.3,0.0
2025-05-01,17.0,7.5,11.4,77,8.8,0.0
2025-05-02,22.2,10.0,15.2,56,5.4,0.0
2025-05-03,23.6,12.9,16.7,45,8.2,0.0
2025-05-04,22.1,12.4,16.1,46,5.7,0.0
2025-05-05,22.5,12.4,16.2,49,6.9,0.0
2025-05-06,16.5,9.2,12.7,73,4.5,0.0
2025-05-07,15.6,10.3,12.4,68,11.7,23.6
2025-05-08,12.7,9.9,10.8,86,10.7,26.7
2025-05-09,20.0,7.1,13.0,65,5.6,0.0
2025-05-10,26.3,8.4,16.3,54,9.0,0.0
2025-05-11,20.5,11.2,15.1,56,7.5,0.0
2025-05-12,21.0,11.0,15.0,60,5.3,0.0
2025-05-13,18.0,10.4,14.0,57,4.9,0.0
2025-05-14,18.6,10.7,13.7,63,5.1,0.0
2025-05-15,18.1,10.7,13.2,65,4.2,0.0
2025-05-16,17.4,8.3,12.2,73,5.6,0.0
2025-05-17,14.1,8.0,10.9,75,7.4,4.4
2025-05-18,16.2,9.7,12.1,74,9.6,6.2
2025-05-19,20.0,11.1,14.9,77,5.8,11.6
2025-05-20,20.5,12.2,16.0,67,5.9,1.4
2025-05-21,21.5,11.2,15.8,66,12.6,1.2
2025-05-22,22.7,9.8,15.2,52,5.6,0.0
2025-05-23,18.3,11.7,14.6,53,5.7,0.3
2025-05-24,20.0,7.6,13.9,61,5.8,0.0
2025-05-25,17.5,10.3,13.4,61,6.6,0.0
2025-05-26,12.6,9.0,11.1,86,6.1,50.2
2025-05-27,13.4,6.0,9.0,74,8.7,4.8
2025-05-28,22.4,4.3,12.2,50,5.8,0.0
2025-05-29,22.5,9.7,14.6,48,7.0,0.0
2025-05-30,17.5,8.4,12.3,58,8.1,0.0
2025-05-31,20.0,7.5,12.7,51,6.5,0.0
2025-06-01,21.1,8.8,14.0,48,5.2,0.0
2025-06-02,16.9,8.6,13.2,54,5.3,0.0
2025-06-03,16.8,12.9,14.3,53,4.5,0.0
2025-06-04,16.7,9.3,12.3,69,4.3,0.0
2025-06-05,19.0,7.7,12.5,49,5.1,0.0
2025-06-06,14.7,6.8,10.5,63,6.9,0.0
2025-06-07,15.9,6.1,10.3,69,5.2,0.0
2025-06-08,18.2,7.2,11.9,43,6.7,0.0
2025-06-09,20.6,8.2,13.9,34,5.6,0.0
2025-06-10,24.0,8.9,15.0,39,8.3,0.0
2025-06-11,12.2,7.7,9.4,65,8.0,0.3
2025-06-12,9.3,2.3,7.2,85,14.5,22.9
2025-06-13,11.8,1.0,5.2,72,5.6,0.0
2025-06-14,14.7,0.7,7.0,56,10.7,0.0
2025-06-15,16.0,7.7,11.3,58,9.2,0.0
2025-06-16,9.7,1.6,6.0,86,12.2,41.6
2025-06-17,9.8,1.3,4.6,75,8.8,15.3
2025-06-18,10.0,-1.4,3.4,62,7.9,0.0
2025-06-19,14.6,1.9,7.7,48,4.4,0.0
2025-06-20,17.6,5.6,9.7,49,5.4,0.0
2025-06-21,13.7,4.2,8.9,51,5.8,1.0
2025-06-22,12.8,4.5,8.5,80,9.7,20.7
2025-06-23,14.3,1.7,7.3,49,5.7,0.0
2025-06-24,17.2,3.9,9.1,55,5.5,0.0
2025-06-25,12.0,5.2,7.5,72,7.8,4.6
2025-06-26,13.1,4.4,7.9,71,6.6,0.0
2025-06-27,11.3,2.6,6.7,62,5.4,0.0
2025-06-28,10.8,3.9,7.4,70,7.8,1.1
2025-06-29,12.4,0.0,5.3,61,6.6,0.0
2025-06-30,15.9,1.3,8.3,49,5.2,0.0
2025-07-01,19.4,8.6,13.2,48,4.1,0.2
2025-07-02,21.8,9.0,14.4,45,5.0,0.0
2025-07-03,24.3,11.5,16.2,40,5.6,0.0
2025-07-04,23.9,10.5,15.5,44,5.6,0.0
2025-07-05,14.4,8.0,10.7,77,7.8,2.0
2025-07-06,15.6,6.1,10.7,78,8.9,0.0
2025-07-07,21.5,5.2,11.9,55,5.8,0.0
2025-07-08,20.3,8.1,12.6,47,7.0,0.0
2025-07-09,12.5,6.2,8.5,87,7.1,0.0
2025-07-10,15.4,5.1,9.4,56,6.7,0.0
2025-07-11,19.0,5.6,11.1,42,5.4,0.0
2025-07-12,16.7,7.5,11.2,45,5.6,0.0
2025-07-13,14.7,5.0,9.4,64,6.3,0.0
2025-07-14,12.3,5.2,8.1,87,7.8,0.0
2025-07-15,11.0,5.0,7.6,79,7.4,3.7
2025-07-16,14.9,2.0,7.8,52,5.8,0.0
2025-07-17,23.0,7.0,13.9,36,6.0,0.0
2025-07-18,21.6,9.3,14.9,39,5.9,0.0
2025-07-19,21.2,9.8,14.8,39,6.2,0.0
2025-07-20,20.5,11.5,15.0,44,5.7,0.0
2025-07-21,17.9,11.9,14.1,54,5.9,0.0
2025-07-22,20.8,9.5,14.4,48,5.4,0.0
2025-07-23,16.3,8.3,12.3,64,7.4,0.0
2025-07-24,15.7,8.0,11.1,63,9.6,0.0
2025-07-25,13.7,4.7,9.3,68,6.0,0.0
2025-07-26,12.7,6.5,9.2,81,6.3,0.0
2025-07-27,15.1,6.7,9.9,77,6.8,1.3
2025-07-28,20.7,10.0,14.5,54,6.7,0.0
2025-07-29,24.4,10.8,16.5,43,6.8,0.0
2025-07-30,17.0,8.2,12.9,61,5.8,0.9
2025-07-31,13.1,8.4,10.8,79,10.2,15.0
2025-08-01,10.9,4.8,8.1,88,12.1,26.4
2025-08-02,7.4,0.2,4.5,82,8.8,18.3
2025-08-03,12.7,-0.2,6.6,68,3.8,0.0
2025-08-04,20.5,7.6,13.1,57,5.7,0.0
2025-08-05,20.4,9.3,13.9,51,6.6,0.0
2025-08-06,19.3,7.1,12.3,59,7.6,0.1
2025-08-07,16.8,7.1,11.3,70,8.0,0.0
2025-08-08,19.5,3.9,11.1,53,6.9,0.0
2025-08-09,13.1,5.1,8.2,76,8.5,0.0
2025-08-10,17.7,5.4,11.8,61,6.1,0.0
2025-08-11,22.6,7.6,15.6,50,6.9,0.0
2025-08-12,20.3,12.1,16.0,57,4.9,0.0
2025-08-13,22.5,10.4,16.2,56,5.9,0.0
2025-08-14,20.5,8.7,12.8,67,9.4,0.0
2025-08-15,11.9,8.1,9.4,93,9.1,15.8
2025-08-16,17.2,6.9,11.7,68,7.0,1.4
2025-08-17,14.0,8.1,10.3,75,10.5,0.1
2025-08-18,14.5,6.9,10.0,80,8.5,0.8
2025-08-19,14.8,8.5,11.0,81,5.6,4.5
2025-08-20,17.2,7.5,11.9,73,7.8,0.6
2025-08-21,13.6,4.6,9.0,89,20.7,23.1
2025-08-22,4.9,-0.0,3.3,93,10.1,15.9
2025-08-23,9.9,-3.6,2.9,73,5.7,0.0
2025-08-24,12.9,-0.9,5.8,55,4.7,0.0
2025-08-25,18.0,4.6,10.4,55,4.4,0.0
2025-08-26,23.3,6.8,13.9,49,6.4,0.0
2025-08-27,22.0,8.7,13.8,58,10.1,0.0
2025-08-28,16.2,8.4,12.0,72,8.1,0.0
2025-08-29,10.9,7.4,8.8,92,7.1,1.1
2025-08-30,12.8,5.9,9.3,85,8.5,5.1
2025-08-31,11.4,7.2,9.1,85,6.4,3.1
2025-09-01,17.7,4.6,10.9,70,7.1,0.0
2025-09-02,12.5,7.4,9.6,87,8.0,2.1
2025-09-03,15.0,6.0,10.0,87,6.9,0.0
2025-09-04,17.9,4.6,11.6,58,8.1,0.0
2025-09-05,18.3,5.7,11.7,69,6.9,0.0
2025-09-06,14.8,8.3,10.8,87,6.9,0.0
2025-09-07,10.9,6.1,8.3,91,8.4,0.2
2025-09-08,15.6,6.1,10.7,78,8.9,0.0
2025-09-09,21.1,9.5,14.1,59,7.2,0.0
2025-09-10,18.5,8.7,13.3,67,8.3,0.3
2025-09-11,23.2,9.1,15.9,50,7.8,0.0
2025-09-12,23.1,9.4,15.6,55,9.3,0.0
2025-09-13,17.7,7.1,11.9,68,8.6,0.0
2025-09-14,17.4,9.7,13.2,77,6.9,0.0
2025-09-15,22.9,10.0,15.7,63,6.7,0.0
2025-09-16,23.2,11.6,16.4,60,8.9,0.0
2025-09-17,20.2,9.5,13.2,84,7.9,0.0
2025-09-18,20.1,9.7,14.1,74,8.5,0.0
2025-09-19,21.1,9.4,14.5,65,10.9,0.0
2025-09-20,10.4,3.3,7.8,82,8.5,65.4
2025-09-21,7.6,0.5,4.3,75,7.9,30.1
2025-09-22,14.2,-1.5,6.5,49,5.0,0.0
2025-09-23,20.7,5.6,11.9,52,5.9,0.0
2025-09-24,23.8,8.5,16.3,54,6.1,0.0
2025-09-25,22.0,10.0,16.0,65,8.8,0.0
2025-09-26,14.3,4.1,8.7,86,18.1,10.5
2025-09-27,17.7,3.1,11.2,65,6.3,0.0
2025-09-28,20.7,10.1,14.8,64,7.8,0.0
2025-09-29,18.1,10.6,13.5,83,9.5,0.0
2025-09-30,21.0,9.7,15.0,78,6.4,0.0
2025-10-01,24.5,10.0,17.4,60,6.4,0.0
2025-10-02,25.8,11.4,18.4,56,6.6,0.0
2025-10-03,20.6,9.5,14.8,80,10.6,0.5
2025-10-04,14.5,8.4,10.8,87,10.5,9.3
2025-10-05,13.8,5.6,8.8,75,8.6,17.9
2025-10-06,19.0,2.1,10.9,58,8.8,0.0
2025-10-07,21.0,5.3,13.7,58,7.4,0.0
2025-10-08,24.3,8.8,16.6,56,7.2,0.0
2025-10-09,23.8,10.7,17.2,61,8.6,0.0
2025-10-10,19.6,9.2,15.0,79,11.4,0.0
2025-10-11,18.7,8.2,12.9,74,11.0,0.0
2025-10-12,22.9,9.2,15.6,57,8.5,0.0
2025-10-13,23.5,10.9,16.5,61,8.9,0.0
2025-10-14,21.1,11.4,15.3,71,10.9,0.0
2025-10-15,19.9,8.5,14.4,78,9.5,0.0
2025-10-16,22.4,11.7,16.6,61,8.1,0.0
2025-10-17,25.0,11.9,18.4,52,8.3,0.0
2025-10-18,27.3,9.6,18.5,47,8.8,0.0
2025-10-19,22.5,11.7,16.8,67,9.5,0.0
2025-10-20,23.8,10.6,16.6,68,9.5,0.0
2025-10-21,20.5,12.6,16.3,71,8.2,0.0
2025-10-22,24.6,12.1,17.2,63,11.4,0.0
2025-10-23,17.3,10.2,12.7,75,7.2,0.0
2025-10-24,17.6,8.4,12.2,76,12.5,2.4
2025-10-25,20.3,7.3,13.6,64,10.4,0.1
2025-10-26,22.9,10.7,16.7,50,9.8,0.0
2025-10-27,21.7,12.6,16.4,67,9.0,0.0
2025-10-28,24.5,11.8,17.7,60,8.4,0.0
2025-10-29,23.7,13.1,17.8,61,10.3,0.0
2025-10-30,25.6,11.3,18.2,55,11.5,0.0
2025-10-31,20.1,10.9,14.6,67,15.5,5.7
2025-11-01,21.6,8.2,15.0,67,10.1,0.1
2025-11-02,25.0,11.8,17.4,58,11.4,0.0
2025-11-03,19.5,10.5,13.8,75,12.4,0.3
2025-11-04,22.9,8.8,15.1,68,10.8,0.0
2025-11-05,23.4,9.7,15.8,63,11.0,0.0
2025-11-06,15.3,8.5,10.7,85,9.9,18.5
2025-11-07,20.6,6.4,13.6,69,8.0,0.7
2025-11-08,19.3,9.1,14.3,68,11.4,0.0
2025-11-09,20.7,8.3,13.7,75,10.3,0.0
2025-11-10,21.7,9.1,14.7,65,11.5,0.0
2025-11-11,22.2,7.5,14.6,66,12.4,0.0
2025-11-12,25.3,10.9,18.2,50,11.2,0.0
2025-11-13,27.8,12.5,20.2,45,11.0,0.0
2025-11-14,25.9,13.4,18.8,60,12.8,0.0
2025-11-15,23.4,10.9,16.0,70,12.8,0.0
2025-11-16,24.8,12.3,18.3,61,11.6,0.1
2025-11-17,29.9,13.5,22.0,42,12.1,0.0
2025-11-18,29.2,15.9,22.2,46,12.0,0.0
2025-11-19,26.8,14.7,19.9,54,12.1,0.0
2025-11-20,20.4,13.0,16.3,70,9.4,0.0
2025-11-21,28.6,13.7,20.7,46,10.4,0.0
2025-11-22,28.5,15.3,21.2,50,10.1,0.0
2025-11-23,26.4,14.6,20.1,61,10.3,0.0
2025-11-24,26.2,13.2,18.5,72,10.7,0.0
2025-11-25,23.0,12.6,17.4,77,10.3,0.0
2025-11-26,23.8,12.9,17.2,76,12.8,0.0
2025-11-27,26.7,12.4,18.5,65,10.9,0.0
2025-11-28,23.2,10.6,15.9,73,12.0,0.0
2025-11-29,23.1,9.9,15.9,67,12.4,0.0
2025-11-30,23.1,10.0,16.1,67,12.8,0.0
2025-12-01,27.0,11.7,18.6,59,14.3,0.0
2025-12-02,28.3,14.0,20.9,50,10.9,0.0
2025-12-03,29.8,15.5,21.8,54,10.9,0.0
2025-12-04,26.6,15.4,20.0,67,12.6,0.0
2025-12-05,29.2,14.3,21.3,63,11.9,0.0
2025-12-06,23.7,16.8,19.9,65,10.0,1.8
2025-12-07,24.9,13.5,19.1,75,10.1,0.2
2025-12-08,30.8,13.9,21.7,57,15.6,0.0
2025-12-09,25.4,14.7,19.5,72,12.0,0.0
2025-12-10,24.2,13.6,17.9,75,12.6,0.0
2025-12-11,22.2,13.2,16.5,82,9.6,0.5
2025-12-12,24.9,13.6,18.1,76,12.3,0.0
2025-12-13,23.4,12.9,17.6,73,11.7,0.1
2025-12-14,18.2,11.9,14.5,73,5.7,2.2
2025-12-15,26.0,9.7,18.6,49,12.5,0.0
2025-12-16,31.3,12.2,22.3,41,10.3,0.0
2025-12-17,26.3,16.2,20.7,56,11.4,0.0
2025-12-18,27.8,14.9,20.8,61,10.3,0.0
2025-12-19,24.9,14.4,19.0,62,11.9,0.0
2025-12-20,21.7,12.1,16.2,72,13.4,0.1
2025-12-21,24.3,11.7,17.5,64,10.9,0.1
2025-12-22,26.7,12.2,18.8,62,11.9,0.0
2025-12-23,29.1,13.3,20.9,48,10.3,0.0
2025-12-24,29.0,15.1,22.0,51,12.1,0.0
2025-12-25,30.9,16.0,23.2,43,11.7,0.0
2025-12-26,26.7,14.1,19.8,55,12.0,0.0
2025-12-27,29.4,14.6,21.7,52,11.4,0.0
2025-12-28,29.7,16.5,22.9,45,11.2,0.0
2025-12-29,30.8,18.2,23.8,48,12.4,0.0
2025-12-30,31.8,17.7,24.4,46,10.4,0.0
2025-12-31,32.0,18.9,24.3,44,12.1,0.0
2026-01-01,29.4,17.8,23.1,52,11.9,0.0
2026-01-02,26.6,16.0,21.3,63,11.2,0.0
2026-01-03,26.3,14.7,19.5,71,8.3,0.0
2026-01-04,23.2,14.1,17.8,77,9.0,0.0
2026-01-05,21.8,12.8,16.3,82,10.6,0.0
2026-01-06,27.0,12.5,19.0,65,11.6,0.0
2026-01-07,28.6,15.5,20.9,58,16.3,0.4
2026-01-08,23.8,15.2,18.8,69,10.3,0.4
2026-01-09,30.6,15.8,22.9,48,14.6,0.1
2026-01-10,31.6,17.3,23.3,57,13.2,0.0
2026-01-11,31.4,17.5,23.2,54,12.4,0.0
2026-01-12,28.2,17.3,22.4,54,12.0,0.0
2026-01-13,30.7,17.0,23.2,47,12.5,0.0
2026-01-14,24.6,15.3,20.1,49,12.9,0.0
2026-01-15,28.0,12.9,20.3,54,10.6,0.0
2026-01-16,30.7,16.8,23.2,44,11.1,0.0
2026-01-17,31.9,18.2,24.9,39,11.7,0.0
2026-01-18,31.6,19.3,24.7,44,10.9,0.0
2026-01-19,29.7,17.8,23.0,55,10.3,0.0
2026-01-20,27.7,17.2,21.6,63,9.7,0.0
2026-01-21,25.2,16.6,20.5,67,9.7,0.0
2026-01-22,29.1,15.4,21.8,61,12.1,0.0
2026-01-23,29.3,17.5,22.6,55,12.3,0.0
2026-01-24,28.0,16.4,21.5,56,11.8,0.0
2026-01-25,23.9,13.8,18.7,65,13.5,6.3
2026-01-26,26.5,11.3,18.4,72,10.1,0.0
2026-01-27,28.9,12.4,20.0,64,10.5,0.0
2026-01-28,32.1,15.8,23.4,56,12.3,0.0
2026-01-29,28.5,17.9,23.3,58,12.6,0.0
2026-01-30,29.8,15.9,21.9,68,12.0,0.0
2026-01-31,25.2,15.5,19.8,76,14.7,2.4
2026-02-01,26.5,16.0,20.7,75,10.4,0.0
2026-02-02,26.6,15.8,20.6,74,12.4,1.0
2026-02-03,27.3,14.7,20.3,71,13.2,0.2
2026-02-04,26.4,15.3,20.3,67,12.8,0.1
2026-02-05,28.0,14.9,20.9,60,11.1,0.0
2026-02-06,31.2,16.8,23.3,46,11.7,0.0
2026-02-07,32.0,18.4,24.1,37,12.0,0.0
2026-02-08,28.2,16.2,21.1,44,12.4,0.0
2026-02-09,28.3,14.0,20.7,59,10.8,0.0
2026-02-10,28.3,15.4,20.9,53,16.3,0.0
2026-02-11,29.4,14.1,21.3,41,11.5,0.0
2026-02-12,29.7,15.9,22.2,37,13.2,0.0
2026-02-13,31.9,17.0,23.9,31,12.0,0.0
2026-02-14,27.4,16.9,21.7,39,9.7,0.0
2026-02-15,29.6,14.2,21.1,50,11.5,0.0
2026-02-16,30.2,14.7,22.4,35,12.0,0.0
2026-02-17,31.0,16.6,23.3,28,11.9,0.0
2026-02-18,29.9,17.7,22.8,36,10.4,0.0
2026-02-19,32.3,16.7,23.4,40,8.7,0.0
2026-02-20,27.8,17.2,21.2,49,9.6,0.0
2026-02-21,30.6,16.3,22.5,51,12.1,0.0
2026-02-22,31.3,17.5,23.3,49,11.7,0.0
2026-02-23,30.2,18.0,23.2,54,10.0,0.0
2026-02-24,31.4,18.8,24.0,45,13.5,0.0
2026-02-25,28.9,17.8,22.6,39,13.0,0.0
2026-02-26,28.7,17.0,22.1,32,11.7,0.0
2026-02-27,27.9,16.5,21.4,35,12.7,0.0
2026-02-28,30.7,14.9,22.3,49,11.1,0.0
2026-03-01,29.9,17.2,22.1,52,11.9,0.0
2026-03-02,26.0,14.6,19.7,66,11.7,0.0
2026-03-03,28.2,14.2,20.7,58,9.5,0.0
2026-03-04,30.6,16.0,22.4,46,11.6,0.0
2026-03-05,29.0,17.8,22.0,47,13.4,0.0
2026-03-06,30.7,16.9,22.4,45,14.3,0.0
2026-03-07,24.4,15.4,18.8,60,9.3,0.0
2026-03-08,25.5,14.6,19.1,62,10.0,1.1
2026-03-09,28.8,14.6,21.2,51,8.5,0.0
2026-03-10,29.5,17.5,22.4,45,10.2,0.0
2026-03-11,27.7,15.9,21.1,55,10.2,0.0
2026-03-12,28.7,16.6,22.0,52,11.4,0.0
2026-03-13,27.0,15.5,20.4,62,11.9,0.0
2026-03-14,25.6,14.1,19.2,57,12.4,0.0
2026-03-15,25.1,14.2,18.6,49,12.9,0.0
2026-03-16,23.1,14.9,18.1,60,11.3,2.2
2026-03-17,26.2,13.2,19.0,68,10.2,0.0
2026-03-18,28.3,14.9,20.4,55,11.2,0.0
2026-03-19,24.3,12.2,17.4,62,13.4,0.0
2026-03-20,18.5,10.2,12.9,84,13.0,18.6
2026-03-21,20.1,9.0,14.0,77,8.8,1.7
2026-03-22,13.8,10.1,11.7,80,10.9,10.3
2026-03-23,22.8,6.4,14.7,66,7.8,0.0
2026-03-24,22.4,12.8,17.3,58,10.9,0.0
2026-03-25,24.1,11.3,17.2,65,8.4,0.0
2026-03-26,24.4,12.6,17.7,63,7.6,0.0
2026-03-27,25.4,11.9,17.5,62,8.1,0.0
2026-03-28,23.1,12.2,16.6,68,8.5,0.0
2026-03-29,27.4,12.2,19.0,58,5.9,0.0
2026-03-30,27.0,15.7,20.1,55,6.4,0.0
2026-03-31,27.0,14.5,19.8,61,6.9,0.0
2026-04-01,25.4,15.0,19.2,65,9.4,0.0
2026-04-02,25.8,14.5,18.9,60,8.4,0.0
2026-04-03,27.2,14.5,20.0,48,7.2,0.0
2026-04-04,28.7,16.8,21.7,38,5.8,0.0
2026-04-05,23.0,13.6,17.7,54,10.4,0.0
2026-04-06,23.0,11.0,16.2,60,7.6,0.0
2026-04-07,27.7,12.3,19.2,47,6.7,0.0
2026-04-08,25.3,13.7,18.6,53,8.7,0.0
2026-04-09,24.0,12.7,17.0,65,7.3,0.0
2026-04-10,19.4,10.6,14.6,76,8.3,0.0
2026-04-11,22.0,10.6,15.4,73,13.3,0.0
2026-04-12,23.2,11.8,17.0,57,6.5,0.0
2026-04-13,24.4,13.6,17.5,59,7.4,0.0
2026-04-14,17.6,9.5,12.9,83,7.8,0.4
2026-04-15,27.2,11.6,18.5,52,5.1,0.0
2026-04-16,24.2,14.9,18.5,44,8.4,0.1
2026-04-17,21.9,13.9,17.6,64,8.4,4.3
2026-04-18,20.8,13.4,16.5,74,8.5,0.1
2026-04-19,21.5,12.1,16.4,72,9.4,0.0
2026-04-20,12.7,8.6,11.0,93,8.4,24.4
2026-04-21,20.3,9.8,14.0,73,7.8,0.0
2026-04-22,20.0,9.9,14.2,74,7.2,0.0
2026-04-23,21.0,9.4,14.9,59,5.9,0.0
2026-04-24,18.9,10.0,14.0,68,8.8,0.0
2026-04-25,19.8,8.5,13.6,59,7.8,0.0
2026-04-26,21.4,8.1,14.0,48,5.9,0.0
2026-04-27,21.0,9.2,14.7,43,7.1,1.0
2026-04-28,22.6,11.8,16.0,62,8.3,0.0
2026-04-29,23.6,12.1,17.1,66,6.3,0.0
2026-04-30,20.7,11.7,16.2,61,8.8,0.4
2026-05-01,17.6,9.3,13.2,84,8.1,1.1
2026-05-02,25.8,11.4,17.7,49,5.4,0.0
2026-05-03,23.5,14.0,17.6,45,9.4,0.0
2026-05-04,20.5,13.9,16.7,40,6.0,0.0
2026-05-05,24.7,11.2,16.9,52,9.9,0.0
2026-05-06,15.9,9.3,12.1,82,12.3,33.5
2026-05-07,15.7,7.7,11.0,79,7.9,0.9
2026-05-08,16.4,5.4,10.7,62,6.5,0.0
2026-05-09,20.0,2.1,10.8,55,8.0,0.0
2026-05-10,26.6,6.9,15.5,48,6.3,0.0
2026-05-11,24.5,9.9,16.0,51,6.3,0.0
2026-05-12,19.7,9.9,13.8,58,6.2,0.0
2026-05-13,20.5,11.5,15.3,52,4.6,0.0
2026-05-14,21.7,14.1,16.8,56,4.9,0.0
2026-05-15,17.9,12.0,14.7,66,5.4,0.5
2026-05-16,16.9,7.4,12.2,72,7.9,0.1
2026-05-17,20.0,4.0,11.6,45,7.1,0.0
2026-05-18,23.0,8.4,14.6,33,4.7,0.0
2026-05-19,22.1,10.5,15.0,27,5.0,0.0
2026-05-20,19.0,8.6,13.1,41,6.7,0.0
2026-05-21,15.1,6.6,10.0,79,6.3,0.0
2026-05-22,17.2,7.8,11.1,64,5.8,0.0
2026-05-23,12.0,5.5,8.0,79,6.3,0.0
2026-05-24,14.4,3.8,9.8,61,4.3,0.0
2026-05-25,22.2,8.2,14.4,46,3.9,0.0
2026-05-26,24.8,11.9,16.8,36,7.1,0.0
2026-05-27,18.3,8.8,12.6,56,6.6,0.0
2026-05-28,16.9,10.1,12.9,62,4.3,0.0
2026-05-29,22.5,9.7,15.9,47,4.3,0.0
2026-05-30,25.0,13.0,17.1,41,4.7,0.0
2026-05-31,17.7,9.8,13.3,62,5.4,0.0
2026-06-01,15.6,7.8,11.6,81,4.9,0.0
2026-06-02,20.5,12.4,15.3,52,4.7,0.0
2026-06-03,17.9,11.4,14.5,55,3.8,0.0
2026-06-04,22.5,13.2,16.3,48,5.0,0.0
2026-06-05,16.8,9.0,12.5,67,5.4,0.0
2026-06-06,15.3,8.5,11.4,81,5.6,0.1
2026-06-07,17.5,6.3,11.9,61,5.0,0.0
2026-06-08,19.1,7.9,12.2,54,6.0,0.0
2026-06-09,10.9,8.2,9.5,80,5.2,0.0
2026-06-10,11.1,6.8,9.0,83,10.5,6.7
2026-06-11,17.5,1.4,9.6,57,7.1,0.0
2026-06-12,19.3,11.0,13.5,50,21.5,1.4
2026-06-13,17.3,11.7,13.9,53,2.8,0.0
2026-06-14,20.4,9.8,14.6,53,3.9,0.0
2026-06-15,21.5,11.2,15.2,50,4.5,0.0
2026-06-16,21.5,12.1,16.4,48,4.6,0.2
2026-06-17,16.2,6.9,11.3,71,7.6,0.3
2026-06-18,15.1,6.5,10.4,83,8.1,3.1
2026-06-19,17.4,4.3,10.4,62,7.2,0.0
2026-06-20,13.8,7.3,10.3,69,7.1,0.1
2026-06-21,9.9,4.1,7.0,81,5.4,1.7
2026-06-22,12.1,-0.3,5.7,61,6.1,0.0
2026-06-23,14.1,2.2,7.7,49,5.8,0.0
2026-06-24,14.8,5.8,10.4,45,5.9,0.0
2026-06-25,20.4,3.5,11.3,49,6.1,0.0
2026-06-26,17.1,6.6,11.4,42,6.0,0.0
2026-06-27,14.3,5.0,10.0,57,7.0,0.0
2026-06-28,16.3,2.1,9.0,46,5.1,0.0
2026-06-29,16.0,6.5,10.8,38,3.8,0.0
2026-06-30,15.3,5.0,9.2,46,7.4,0.0
2026-07-01,9.7,3.1,6.0,67,5.8,0.0
2026-07-02,11.9,3.5,6.8,66,6.2,0.0
2026-07-03,11.5,4.1,7.1,66,6.7,0.0
2026-07-04,11.4,3.8,6.8,62,8.5,2.5
2026-07-05,14.2,3.1,7.7,69,7.2,2.3
2026-07-06,22.6,2.8,11.3,41,8.9,0.0
2026-07-07,23.9,9.6,15.7,37,5.2,0.0
2026-07-08,17.4,12.4,15.2,33,6.4,0.0
2026-07-09,18.8,13.4,16.1,38,4.7,0.0
2026-07-10,18.8,11.0,14.4,67,9.5,9.8
2026-07-11,21.1,8.1,14.5,57,7.1,0.0
2026-07-12,23.6,12.6,17.4,41,5.3,0.0
