FECHA (YYMMDD);HORA (HHMM);Registros validados;Registros preliminares;Registros no validados;
220101;0000;10;;;
220102;0000;5;;;
220103;0000;7;;;
220104;0000;9;;;
220105;0000;12;;;
220106;0000;17;;;
220107;0000;15;;;
220108;0000;12;;;
220109;0000;8;;;
220110;0000;11;;;
220111;0000;11;;;
220112;0000;12;;;
220113;0000;11;;;
220114;0000;10;;;
220115;0000;10;;;
220116;0000;7;;;
220117;0000;5;;;
220118;0000;9;;;
220119;0000;11;;;
220120;0000;12;;;
220121;0000;11;;;
220122;0000;9;;;
220123;0000;11;;;
220124;0000;13;;;
220125;0000;11;;;
220126;0000;15;;;
220127;0000;13;;;
220128;0000;16;;;
220129;0000;15;;;
220130;0000;15;;;
220131;0000;15;;;
220201;0000;14;;;
220202;0000;15;;;
220203;0000;14;;;
220204;0000;12;;;
220205;0000;11;;;
220206;0000;13;;;
220207;0000;14;;;
220208;0000;16;;;
220209;0000;20;;;
220210;0000;22;;;
220211;0000;22;;;
220212;0000;25;;;
220213;0000;20;;;
220214;0000;20;;;
220215;0000;21;;;
220216;0000;19;;;
220217;0000;17;;;
220218;0000;20;;;
220219;0000;20;;;
220220;0000;14;;;
220221;0000;10;;;
220222;0000;9;;;
220223;0000;9;;;
220224;0000;9;;;
220225;0000;13;;;
220226;0000;11;;;
220227;0000;8;;;
220228;0000;10;;;
220301;0000;16;;;
220302;0000;17;;;
220303;0000;19;;;
220304;0000;14;;;
220305;0000;14;;;
220306;0000;10;;;
220307;0000;9;;;
220308;0000;;;;
220309;0000;;;;
220310;0000;;;;
220311;0000;;;;
220312;0000;;;;
220313;0000;;;;
220314;0000;;;;
220315;0000;25;;;
220316;0000;25;;;
220317;0000;27;;;
220318;0000;25;;;
220319;0000;20;;;
220320;0000;17;;;
220321;0000;13;;;
220322;0000;13;;;
220323;0000;9;;;
220324;0000;14;;;
220325;0000;18;;;
220326;0000;23;;;
220327;0000;23;;;
220328;0000;16;;;
220329;0000;16;;;
220330;0000;17;;;
220331;0000;13;;;
220401;0000;22;;;
220402;0000;19;;;
220403;0000;18;;;
220404;0000;18;;;
220405;0000;18;;;
220406;0000;16;;;
220407;0000;17;;;
220408;0000;18;;;
220409;0000;17;;;
220410;0000;15;;;
220411;0000;13;;;
220412;0000;17;;;
220413;0000;19;;;
220414;0000;18;;;
220415;0000;21;;;
220416;0000;41;;;
220417;0000;28;;;
220418;0000;30;;;
220419;0000;24;;;
220420;0000;24;;;
220421;0000;23;;;
220422;0000;18;;;
220423;0000;17;;;
220424;0000;14;;;
220425;0000;8;;;
220426;0000;5;;;
220427;0000;12;;;
220428;0000;27;;;
220429;0000;39;;;
220430;0000;29;;;
220501;0000;27;;;
220502;0000;28;;;
220503;0000;22;;;
220504;0000;25;;;
220505;0000;47;;;
220506;0000;57;;;
220507;0000;37;;;
220508;0000;29;;;
220509;0000;38;;;
220510;0000;36;;;
220511;0000;53;;;
220512;0000;56;;;
220513;0000;46;;;
220514;0000;41;;;
220515;0000;33;;;
220516;0000;43;;;
220517;0000;61;;;
220518;0000;66;;;
220519;0000;36;;;
220520;0000;28;;;
220521;0000;29;;;
220522;0000;31;;;
220523;0000;27;;;
220524;0000;25;;;
220525;0000;30;;;
220526;0000;43;;;
220527;0000;66;;;
220528;0000;74;;;
220529;0000;60;;;
220530;0000;39;;;
220531;0000;40;;;
220601;0000;31;;;
220602;0000;37;;;
220603;0000;20;;;
220604;0000;6;;;
220605;0000;11;;;
220606;0000;22;;;
220607;0000;35;;;
220608;0000;41;;;
220609;0000;53;;;
220610;0000;54;;;
220611;0000;58;;;
220612;0000;79;;;
220613;0000;73;;;
220614;0000;37;;;
220615;0000;37;;;
220616;0000;37;;;
220617;0000;42;;;
220618;0000;59;;;
220619;0000;65;;;
220620;0000;59;;;
220621;0000;39;;;
220622;0000;35;;;
220623;0000;12;;;
220624;0000;25;;;
220625;0000;37;;;
220626;0000;43;;;
220627;0000;17;;;
220628;0000;17;;;
220629;0000;30;;;
220630;0000;26;;;
220701;0000;10;;;
220702;0000;20;;;
220703;0000;47;;;
220704;0000;25;;;
220705;0000;26;;;
220706;0000;28;;;
220707;0000;34;;;
220708;0000;23;;;
220709;0000;16;;;
220710;0000;5;;;
220711;0000;8;;;
220712;0000;21;;;
220713;0000;18;;;
220714;0000;9;;;
220715;0000;18;;;
220716;0000;15;;;
220717;0000;32;;;
220718;0000;26;;;
220719;0000;30;;;
220720;0000;33;;;
220721;0000;38;;;
220722;0000;35;;;
220723;0000;39;;;
220724;0000;44;;;
220725;0000;33;;;
220726;0000;26;;;
220727;0000;29;;;
220728;0000;36;;;
220729;0000;37;;;
220730;0000;38;;;
220731;0000;50;;;
220801;0000;48;;;
220802;0000;52;;;
220803;0000;40;;;
220804;0000;32;;;
220805;0000;34;;;
220806;0000;32;;;
220807;0000;8;;;
220808;0000;19;;;
220809;0000;25;;;
220810;0000;19;;;
220811;0000;33;;;
220812;0000;26;;;
220813;0000;34;;;
220814;0000;22;;;
220815;0000;7;;;
220816;0000;27;;;
220817;0000;;;;
220818;0000;;;;
220819;0000;34;;;
220820;0000;27;;;
220821;0000;39;;;
220822;0000;31;;;
220823;0000;49;;;
220824;0000;50;;;
220825;0000;43;;;
220826;0000;38;;;
220827;0000;41;;;
220828;0000;28;;;
220829;0000;23;;;
220830;0000;25;;;
220831;0000;24;;;
220901;0000;30;;;
220902;0000;40;;;
220903;0000;29;;;
220904;0000;26;;;
220905;0000;27;;;
220906;0000;30;;;
220907;0000;11;;;
220908;0000;9;;;
220909;0000;23;;;
220910;0000;26;;;
220911;0000;12;;;
220912;0000;18;;;
220913;0000;19;;;
220914;0000;22;;;
220915;0000;28;;;
220916;0000;29;;;
220917;0000;16;;;
220918;0000;11;;;
220919;0000;16;;;
220920;0000;9;;;
220921;0000;9;;;
220922;0000;11;;;
220923;0000;20;;;
220924;0000;17;;;
220925;0000;13;;;
220926;0000;22;;;
220927;0000;16;;;
220928;0000;17;;;
220929;0000;21;;;
220930;0000;26;;;
221001;0000;26;;;
221002;0000;22;;;
221003;0000;12;;;
221004;0000;13;;;
221005;0000;12;;;
221006;0000;13;;;
221007;0000;11;;;
221008;0000;8;;;
221009;0000;10;;;
221010;0000;9;;;
221011;0000;15;;;
221012;0000;18;;;
221013;0000;13;;;
221014;0000;14;;;
221015;0000;16;;;
221016;0000;12;;;
221017;0000;9;;;
221018;0000;8;;;
221019;0000;8;;;
221020;0000;10;;;
221021;0000;11;;;
221022;0000;10;;;
221023;0000;10;;;
221024;0000;10;;;
221025;0000;7;;;
221026;0000;8;;;
221027;0000;9;;;
221028;0000;14;;;
221029;0000;13;;;
221030;0000;5;;;
221031;0000;10;;;
221101;0000;9;;;
221102;0000;13;;;
221103;0000;15;;;
221104;0000;19;;;
221105;0000;13;;;
221106;0000;16;;;
221107;0000;16;;;
221108;0000;16;;;
221109;0000;8;;;
221110;0000;8;;;
221111;0000;8;;;
221112;0000;5;;;
221113;0000;5;;;
221114;0000;9;;;
221115;0000;12;;;
221116;0000;15;;;
221117;0000;14;;;
221118;0000;16;;;
221119;0000;12;;;
221120;0000;12;;;
221121;0000;11;;;
221122;0000;15;;;
221123;0000;15;;;
221124;0000;13;;;
221125;0000;14;;;
221126;0000;13;;;
221127;0000;12;;;
221128;0000;13;;;
221129;0000;14;;;
221130;0000;9;;;
221201;0000;10;;;
221202;0000;10;;;
221203;0000;11;;;
221204;0000;9;;;
221205;0000;;;;
221206;0000;;;;
221207;0000;10;;;
221208;0000;11;;;
221209;0000;9;;;
221210;0000;8;;;
221211;0000;9;;;
221212;0000;15;;;
221213;0000;11;;;
221214;0000;11;;;
221215;0000;30;;;
221216;0000;36;;;
221217;0000;17;;;
221218;0000;12;;;
221219;0000;10;;;
221220;0000;7;;;
221221;0000;9;;;
221222;0000;6;;;
221223;0000;9;;;
221224;0000;12;;;
221225;0000;14;;;
221226;0000;11;;;
221227;0000;13;;;
221228;0000;15;;;
221229;0000;13;;;
221230;0000;17;;;
221231;0000;15;;;
230101;0000;14;;;
230102;0000;10;;;
230103;0000;10;;;
230104;0000;13;;;
230105;0000;16;;;
230106;0000;11;;;
230107;0000;11;;;
230108;0000;9;;;
230109;0000;13;;;
230110;0000;10;;;
230111;0000;11;;;
230112;0000;8;;;
230113;0000;10;;;
230114;0000;11;;;
230115;0000;9;;;
230116;0000;16;;;
230117;0000;15;;;
230118;0000;17;;;
230119;0000;14;;;
230120;0000;12;;;
230121;0000;12;;;
230122;0000;14;;;
230123;0000;13;;;
230124;0000;9;;;
230125;0000;9;;;
230126;0000;10;;;
230127;0000;16;;;
230128;0000;12;;;
230129;0000;10;;;
230130;0000;10;;;
230131;0000;9;;;
230201;0000;13;;;
230202;0000;18;;;
230203;0000;24;;;
230204;0000;20;;;
230205;0000;20;;;
230206;0000;47;;;
230207;0000;67;;;
230208;0000;62;;;
230209;0000;78;;;
230210;0000;58;;;
230211;0000;46;;;
230212;0000;35;;;
230213;0000;11;;;
230214;0000;15;;;
230215;0000;15;;;
230216;0000;17;;;
230217;0000;15;;;
230218;0000;15;;;
230219;0000;11;;;
230220;0000;14;;;
230221;0000;22;;;
230222;0000;26;;;
230223;0000;21;;;
230224;0000;18;;;
230225;0000;16;;;
230226;0000;15;;;
230227;0000;14;;;
230228;0000;15;;;
230301;0000;16;;;
230302;0000;14;;;
230303;0000;17;;;
230304;0000;18;;;
230305;0000;14;;;
230306;0000;15;;;
230307;0000;13;;;
230308;0000;10;;;
230309;0000;12;;;
230310;0000;11;;;
230311;0000;12;;;
230312;0000;9;;;
230313;0000;;;;
230314;0000;;;;
230315;0000;;;;
230316;0000;;;;
230317;0000;;;;
230318;0000;16;;;
230319;0000;10;;;
230320;0000;13;;;
230321;0000;15;;;
230322;0000;16;;;
230323;0000;18;;;
230324;0000;18;;;
230325;0000;21;;;
230326;0000;16;;;
230327;0000;22;;;
230328;0000;22;;;
230329;0000;16;;;
230330;0000;17;;;
230331;0000;17;;;
230401;0000;14;;;
230402;0000;14;;;
230403;0000;14;;;
230404;0000;15;;;
230405;0000;14;;;
230406;0000;19;;;
230407;0000;13;;;
230408;0000;13;;;
230409;0000;15;;;
230410;0000;17;;;
230411;0000;13;;;
230412;0000;11;;;
230413;0000;11;;;
230414;0000;15;;;
230415;0000;19;;;
230416;0000;19;;;
230417;0000;17;;;
230418;0000;19;;;
230419;0000;16;;;
230420;0000;12;;;
230421;0000;17;;;
230422;0000;20;;;
230423;0000;18;;;
230424;0000;22;;;
230425;0000;20;;;
230426;0000;28;;;
230427;0000;43;;;
230428;0000;33;;;
230429;0000;10;;;
230430;0000;9;;;
230501;0000;12;;;
230502;0000;22;;;
230503;0000;27;;;
230504;0000;35;;;
230505;0000;51;;;
230506;0000;58;;;
230507;0000;49;;;
230508;0000;39;;;
230509;0000;24;;;
230510;0000;24;;;
230511;0000;24;;;
230512;0000;18;;;
230513;0000;29;;;
230514;0000;33;;;
230515;0000;33;;;
230516;0000;31;;;
230517;0000;11;;;
230518;0000;17;;;
230519;0000;27;;;
230520;0000;37;;;
230521;0000;48;;;
230522;0000;20;;;
230523;0000;22;;;
230524;0000;19;;;
230525;0000;26;;;
230526;0000;19;;;
230527;0000;36;;;
230528;0000;47;;;
230529;0000;47;;;
230530;0000;49;;;
230531;0000;39;;;
230601;0000;36;;;
230602;0000;26;;;
230603;0000;33;;;
230604;0000;31;;;
230605;0000;27;;;
230606;0000;34;;;
230607;0000;38;;;
230608;0000;24;;;
230609;0000;7;;;
230610;0000;18;;;
230611;0000;32;;;
230612;0000;38;;;
230613;0000;38;;;
230614;0000;33;;;
230615;0000;28;;;
230616;0000;31;;;
230617;0000;32;;;
230618;0000;31;;;
230619;0000;30;;;
230620;0000;33;;;
230621;0000;23;;;
230622;0000;9;;;
230623;0000;9;;;
230624;0000;16;;;
230625;0000;20;;;
230626;0000;17;;;
230627;0000;18;;;
230628;0000;42;;;
230629;0000;23;;;
230630;0000;23;;;
230701;0000;35;;;
230702;0000;38;;;
230703;0000;30;;;
230704;0000;15;;;
230705;0000;16;;;
230706;0000;28;;;
230707;0000;35;;;
230708;0000;31;;;
230709;0000;24;;;
230710;0000;21;;;
230711;0000;27;;;
230712;0000;5;;;
230713;0000;20;;;
230714;0000;34;;;
230715;0000;51;;;
230716;0000;47;;;
230717;0000;42;;;
230718;0000;42;;;
230719;0000;34;;;
230720;0000;34;;;
230721;0000;24;;;
230722;0000;8;;;
230723;0000;27;;;
230724;0000;31;;;
230725;0000;21;;;
230726;0000;29;;;
230727;0000;42;;;
230728;0000;51;;;
230729;0000;34;;;
230730;0000;36;;;
230731;0000;40;;;
230801;0000;28;;;
230802;0000;32;;;
230803;0000;27;;;
230804;0000;32;;;
230805;0000;28;;;
230806;0000;26;;;
230807;0000;35;;;
230808;0000;43;;;
230809;0000;52;;;
230810;0000;7;;;
230811;0000;21;;;
230812;0000;35;;;
230813;0000;25;;;
230814;0000;19;;;
230815;0000;19;;;
230816;0000;13;;;
230817;0000;12;;;
230818;0000;20;;;
230819;0000;14;;;
230820;0000;7;;;
230821;0000;10;;;
230822;0000;4;;;
230823;0000;2;;;
230824;0000;12;;;
230825;0000;;;;
230826;0000;20;;;
230827;0000;21;;;
230828;0000;17;;;
230829;0000;14;;;
230830;0000;16;;;
230831;0000;21;;;
230901;0000;26;;;
230902;0000;21;;;
230903;0000;20;;;
230904;0000;16;;;
230905;0000;39;;;
230906;0000;12;;;
230907;0000;11;;;
230908;0000;20;;;
230909;0000;28;;;
230910;0000;36;;;
230911;0000;5;;;
230912;0000;14;;;
230913;0000;22;;;
230914;0000;26;;;
230915;0000;19;;;
230916;0000;12;;;
230917;0000;15;;;
230918;0000;39;;;
230919;0000;44;;;
230920;0000;15;;;
230921;0000;15;;;
230922;0000;18;;;
230923;0000;33;;;
230924;0000;21;;;
230925;0000;13;;;
230926;0000;8;;;
230927;0000;15;;;
230928;0000;17;;;
230929;0000;20;;;
230930;0000;22;;;
231001;0000;14;;;
231002;0000;9;;;
231003;0000;9;;;
231004;0000;10;;;
231005;0000;12;;;
231006;0000;12;;;
231007;0000;17;;;
231008;0000;14;;;
231009;0000;14;;;
231010;0000;15;;;
231011;0000;16;;;
231012;0000;13;;;
231013;0000;16;;;
231014;0000;14;;;
231015;0000;11;;;
231016;0000;11;;;
231017;0000;13;;;
231018;0000;12;;;
231019;0000;16;;;
231020;0000;22;;;
231021;0000;31;;;
231022;0000;38;;;
231023;0000;;;;
231024;0000;;;;
231025;0000;;;;
231026;0000;;;;
231027;0000;;;;
231028;0000;;;;
231029;0000;;;;
231030;0000;;;;
231031;0000;;;;
231101;0000;;;;
231102;0000;;;;
231103;0000;;;;
231104;0000;;;;
231105;0000;;;;
231106;0000;;;;
231107;0000;;;;
231108;0000;;;;
231109;0000;;;;
231110;0000;;;;
231111;0000;;;;
231112;0000;;;;
231113;0000;;;;
231114;0000;;;;
231115;0000;;;;
231116;0000;;;;
231117;0000;;;;
231118;0000;;;;
231119;0000;;;;
231120;0000;;;;
231121;0000;;;;
231122;0000;;;;
231123;0000;;;;
231124;0000;;;;
231125;0000;;;;
231126;0000;;;;
231127;0000;;;;
231128;0000;;;;
231129;0000;;;;
231130;0000;;;;
231201;0000;13;;;
231202;0000;13;;;
231203;0000;13;;;
231204;0000;9;;;
231205;0000;11;;;
231206;0000;13;;;
231207;0000;13;;;
231208;0000;15;;;
231209;0000;14;;;
231210;0000;15;;;
231211;0000;20;;;
231212;0000;15;;;
231213;0000;11;;;
231214;0000;12;;;
231215;0000;13;;;
231216;0000;6;;;
231217;0000;5;;;
231218;0000;8;;;
231219;0000;12;;;
231220;0000;18;;;
231221;0000;19;;;
231222;0000;16;;;
231223;0000;14;;;
231224;0000;16;;;
231225;0000;17;;;
231226;0000;12;;;
231227;0000;12;;;
231228;0000;11;;;
231229;0000;16;;;
231230;0000;10;;;
231231;0000;13;;;
240101;0000;11;;;
240102;0000;13;;;
240103;0000;15;;;
240104;0000;14;;;
240105;0000;13;;;
240106;0000;13;;;
240107;0000;9;;;
240108;0000;8;;;
240109;0000;9;;;
240110;0000;12;;;
240111;0000;15;;;
240112;0000;14;;;
240113;0000;13;;;
240114;0000;9;;;
240115;0000;8;;;
240116;0000;7;;;
240117;0000;10;;;
240118;0000;12;;;
240119;0000;14;;;
240120;0000;17;;;
240121;0000;16;;;
240122;0000;16;;;
240123;0000;16;;;
240124;0000;17;;;
240125;0000;13;;;
240126;0000;13;;;
240127;0000;13;;;
240128;0000;12;;;
240129;0000;14;;;
240130;0000;16;;;
240131;0000;16;;;
240201;0000;15;;;
240202;0000;13;;;
240203;0000;10;;;
240204;0000;23;;;
240205;0000;22;;;
240206;0000;17;;;
240207;0000;12;;;
240208;0000;8;;;
240209;0000;11;;;
240210;0000;11;;;
240211;0000;10;;;
240212;0000;12;;;
240213;0000;12;;;
240214;0000;14;;;
240215;0000;17;;;
240216;0000;17;;;
240217;0000;16;;;
240218;0000;12;;;
240219;0000;15;;;
240220;0000;11;;;
240221;0000;9;;;
240222;0000;6;;;
240223;0000;7;;;
240224;0000;10;;;
240225;0000;11;;;
240226;0000;13;;;
240227;0000;12;;;
240228;0000;11;;;
240229;0000;9;;;
240301;0000;13;;;
240302;0000;13;;;
240303;0000;10;;;
240304;0000;11;;;
240305;0000;13;;;
240306;0000;13;;;
240307;0000;10;;;
240308;0000;7;;;
240309;0000;10;;;
240310;0000;11;;;
240311;0000;;;;
240312;0000;;;;
240313;0000;;;;
240314;0000;;;;
240315;0000;20;;;
240316;0000;22;;;
240317;0000;20;;;
240318;0000;20;;;
240319;0000;20;;;
240320;0000;21;;;
240321;0000;24;;;
240322;0000;17;;;
240323;0000;14;;;
240324;0000;12;;;
240325;0000;13;;;
240326;0000;17;;;
240327;0000;18;;;
240328;0000;19;;;
240329;0000;21;;;
240330;0000;21;;;
240331;0000;12;;;
240401;0000;16;;;
240402;0000;18;;;
240403;0000;22;;;
240404;0000;21;;;
240405;0000;15;;;
240406;0000;18;;;
240407;0000;17;;;
240408;0000;16;;;
240409;0000;20;;;
240410;0000;20;;;
240411;0000;21;;;
240412;0000;21;;;
240413;0000;22;;;
240414;0000;15;;;
240415;0000;12;;;
240416;0000;17;;;
240417;0000;15;;;
240418;0000;19;;;
240419;0000;22;;;
240420;0000;32;;;
240421;0000;26;;;
240422;0000;14;;;
240423;0000;18;;;
240424;0000;15;;;
240425;0000;14;;;
240426;0000;14;;;
240427;0000;19;;;
240428;0000;22;;;
240429;0000;16;;;
240430;0000;11;;;
240501;0000;15;;;
240502;0000;18;;;
240503;0000;26;;;
240504;0000;27;;;
240505;0000;20;;;
240506;0000;17;;;
240507;0000;9;;;
240508;0000;18;;;
240509;0000;31;;;
240510;0000;31;;;
240511;0000;39;;;
240512;0000;36;;;
240513;0000;26;;;
240514;0000;38;;;
240515;0000;27;;;
240516;0000;23;;;
240517;0000;28;;;
240518;0000;35;;;
240519;0000;49;;;
240520;0000;21;;;
240521;0000;14;;;
240522;0000;10;;;
240523;0000;9;;;
240524;0000;29;;;
240525;0000;20;;;
240526;0000;23;;;
240527;0000;37;;;
240528;0000;30;;;
240529;0000;42;;;
240530;0000;43;;;
240531;0000;37;;;
240601;0000;33;;;
240602;0000;51;;;
240603;0000;34;;;
240604;0000;45;;;
240605;0000;33;;;
240606;0000;47;;;
240607;0000;45;;;
240608;0000;20;;;
240609;0000;6;;;
240610;0000;18;;;
240611;0000;30;;;
240612;0000;20;;;
240613;0000;6;;;
240614;0000;5;;;
240615;0000;17;;;
240616;0000;32;;;
240617;0000;26;;;
240618;0000;6;;;
240619;0000;7;;;
240620;0000;16;;;
240621;0000;8;;;
240622;0000;5;;;
240623;0000;9;;;
240624;0000;18;;;
240625;0000;26;;;
240626;0000;33;;;
240627;0000;18;;;
240628;0000;34;;;
240629;0000;64;;;
240630;0000;31;;;
240701;0000;21;;;
240702;0000;14;;;
240703;0000;29;;;
240704;0000;41;;;
240705;0000;46;;;
240706;0000;41;;;
240707;0000;48;;;
240708;0000;47;;;
240709;0000;38;;;
240710;0000;;;;
240711;0000;;;;
240712;0000;48;;;
240713;0000;63;;;
240714;0000;59;;;
240715;0000;58;;;
240716;0000;42;;;
240717;0000;46;;;
240718;0000;41;;;
240719;0000;43;;;
240720;0000;46;;;
240721;0000;33;;;
240722;0000;31;;;
240723;0000;27;;;
240724;0000;29;;;
240725;0000;34;;;
240726;0000;41;;;
240727;0000;52;;;
240728;0000;49;;;
240729;0000;45;;;
240730;0000;50;;;
240731;0000;50;;;
240801;0000;25;;;
240802;0000;6;;;
240803;0000;20;;;
240804;0000;18;;;
240805;0000;14;;;
240806;0000;7;;;
240807;0000;17;;;
240808;0000;23;;;
240809;0000;28;;;
240810;0000;27;;;
240811;0000;28;;;
240812;0000;31;;;
240813;0000;30;;;
240814;0000;44;;;
240815;0000;58;;;
240816;0000;40;;;
240817;0000;41;;;
240818;0000;40;;;
240819;0000;33;;;
240820;0000;29;;;
240821;0000;25;;;
240822;0000;9;;;
240823;0000;14;;;
240824;0000;30;;;
240825;0000;22;;;
240826;0000;19;;;
240827;0000;26;;;
240828;0000;27;;;
240829;0000;21;;;
240830;0000;16;;;
240831;0000;35;;;
240901;0000;29;;;
240902;0000;14;;;
240903;0000;17;;;
240904;0000;21;;;
240905;0000;21;;;
240906;0000;26;;;
240907;0000;22;;;
240908;0000;30;;;
240909;0000;25;;;
240910;0000;13;;;
240911;0000;16;;;
240912;0000;18;;;
240913;0000;20;;;
240914;0000;25;;;
240915;0000;13;;;
240916;0000;16;;;
240917;0000;23;;;
240918;0000;23;;;
240919;0000;8;;;
240920;0000;24;;;
240921;0000;24;;;
240922;0000;9;;;
240923;0000;9;;;
240924;0000;16;;;
240925;0000;15;;;
240926;0000;17;;;
240927;0000;21;;;
240928;0000;20;;;
240929;0000;14;;;
240930;0000;12;;;
241001;0000;9;;;
241002;0000;13;;;
241003;0000;16;;;
241004;0000;16;;;
241005;0000;15;;;
241006;0000;16;;;
241007;0000;15;;;
241008;0000;8;;;
241009;0000;17;;;
241010;0000;17;;;
241011;0000;17;;;
241012;0000;23;;;
241013;0000;18;;;
241014;0000;15;;;
241015;0000;15;;;
241016;0000;12;;;
241017;0000;17;;;
241018;0000;18;;;
241019;0000;17;;;
241020;0000;5;;;
241021;0000;9;;;
241022;0000;10;;;
241023;0000;9;;;
241024;0000;13;;;
241025;0000;13;;;
241026;0000;18;;;
241027;0000;16;;;
241028;0000;15;;;
241029;0000;15;;;
241030;0000;14;;;
241031;0000;15;;;
241101;0000;11;;;
241102;0000;11;;;
241103;0000;9;;;
241104;0000;9;;;
241105;0000;11;;;
241106;0000;12;;;
241107;0000;14;;;
241108;0000;14;;;
241109;0000;12;;;
241110;0000;9;;;
241111;0000;8;;;
241112;0000;8;;;
241113;0000;12;;;
241114;0000;18;;;
241115;0000;15;;;
241116;0000;15;;;
241117;0000;13;;;
241118;0000;11;;;
241119;0000;14;;;
241120;0000;14;;;
241121;0000;13;;;
241122;0000;10;;;
241123;0000;10;;;
241124;0000;9;;;
241125;0000;10;;;
241126;0000;10;;;
241127;0000;9;;;
241128;0000;10;;;
241129;0000;11;;;
241130;0000;9;;;
241201;0000;7;;;
241202;0000;10;;;
241203;0000;12;;;
241204;0000;15;;;
241205;0000;9;;;
241206;0000;10;;;
241207;0000;12;;;
241208;0000;10;;;
241209;0000;14;;;
241210;0000;16;;;
241211;0000;14;;;
241212;0000;12;;;
241213;0000;12;;;
241214;0000;13;;;
241215;0000;14;;;
241216;0000;14;;;
241217;0000;17;;;
241218;0000;12;;;
241219;0000;15;;;
241220;0000;19;;;
241221;0000;20;;;
241222;0000;18;;;
241223;0000;15;;;
241224;0000;15;;;
241225;0000;13;;;
241226;0000;12;;;
241227;0000;13;;;
241228;0000;12;;;
241229;0000;12;;;
241230;0000;15;;;
241231;0000;12;;;
250101;0000;15;;;
250102;0000;10;;;
250103;0000;14;;;
250104;0000;14;;;
250105;0000;15;;;
250106;0000;13;;;
250107;0000;12;;;
250108;0000;11;;;
250109;0000;11;;;
250110;0000;12;;;
250111;0000;12;;;
250112;0000;11;;;
250113;0000;13;;;
250114;0000;12;;;
250115;0000;11;;;
250116;0000;7;;;
250117;0000;9;;;
250118;0000;12;;;
250119;0000;9;;;
250120;0000;15;;;
250121;0000;15;;;
250122;0000;10;;;
250123;0000;10;;;
250124;0000;13;;;
250125;0000;15;;;
250126;0000;18;;;
250127;0000;12;;;
250128;0000;11;;;
250129;0000;13;;;
250130;0000;16;;;
250131;0000;14;;;
250201;0000;12;;;
250202;0000;12;;;
250203;0000;12;;;
250204;0000;10;;;
250205;0000;10;;;
250206;0000;11;;;
250207;0000;16;;;
250208;0000;21;;;
250209;0000;16;;;
250210;0000;15;;;
250211;0000;16;;;
250212;0000;16;;;
250213;0000;19;;;
250214;0000;14;;;
250215;0000;10;;;
250216;0000;12;;;
250217;0000;12;;;
250218;0000;14;;;
250219;0000;15;;;
250220;0000;15;;;
250221;0000;14;;;
250222;0000;15;;;
250223;0000;13;;;
250224;0000;12;;;
250225;0000;;;;
250226;0000;14;;;
250227;0000;15;;;
250228;0000;11;;;
250301;0000;10;;;
250302;0000;9;;;
250303;0000;10;;;
250304;0000;12;;;
250305;0000;11;;;
250306;0000;11;;;
250307;0000;11;;;
250308;0000;14;;;
250309;0000;12;;;
250310;0000;15;;;
250311;0000;14;;;
250312;0000;16;;;
250313;0000;17;;;
250314;0000;18;;;
250315;0000;19;;;
250316;0000;19;;;
250317;0000;;;;
250318;0000;;;;
250319;0000;;;;
250320;0000;;;;
250321;0000;15;;;
250322;0000;12;;;
250323;0000;15;;;
250324;0000;16;;;
250325;0000;15;;;
250326;0000;19;;;
250327;0000;21;;;
250328;0000;27;;;
250329;0000;19;;;
250330;0000;9;;;
250331;0000;14;;;
250401;0000;24;;;
250402;0000;15;;;
250403;0000;13;;;
250404;0000;19;;;
250405;0000;21;;;
250406;0000;17;;;
250407;0000;17;;;
250408;0000;17;;;
250409;0000;28;;;
250410;0000;26;;;
250411;0000;16;;;
250412;0000;20;;;
250413;0000;18;;;
250414;0000;17;;;
250415;0000;15;;;
250416;0000;17;;;
250417;0000;25;;;
250418;0000;23;;;
250419;0000;23;;;
250420;0000;23;;;
250421;0000;20;;;
250422;0000;21;;;
250423;0000;23;;;
250424;0000;17;;;
250425;0000;15;;;
250426;0000;23;;;
250427;0000;23;;;
250428;0000;22;;;
250429;0000;29;;;
250430;0000;32;;;
250501;0000;43;;;
250502;0000;34;;;
250503;0000;32;;;
250504;0000;20;;;
250505;0000;28;;;
250506;0000;61;;;
250507;0000;50;;;
250508;0000;10;;;
250509;0000;17;;;
250510;0000;33;;;
250511;0000;34;;;
250512;0000;41;;;
250513;0000;55;;;
250514;0000;47;;;
250515;0000;43;;;
250516;0000;50;;;
250517;0000;40;;;
250518;0000;41;;;
250519;0000;15;;;
250520;0000;25;;;
250521;0000;30;;;
250522;0000;38;;;
250523;0000;49;;;
250524;0000;40;;;
250525;0000;23;;;
250526;0000;15;;;
250527;0000;16;;;
250528;0000;29;;;
250529;0000;34;;;
250530;0000;30;;;
250531;0000;41;;;
250601;0000;41;;;
250602;0000;46;;;
250603;0000;54;;;
250604;0000;56;;;
250605;0000;59;;;
250606;0000;55;;;
250607;0000;;;;
250608;0000;;;;
250609;0000;45;;;
250610;0000;29;;;
250611;0000;30;;;
250612;0000;13;;;
250613;0000;19;;;
250614;0000;24;;;
250615;0000;21;;;
250616;0000;5;;;
250617;0000;17;;;
250618;0000;27;;;
250619;0000;37;;;
250620;0000;38;;;
250621;0000;38;;;
250622;0000;15;;;
250623;0000;31;;;
250624;0000;35;;;
250625;0000;34;;;
250626;0000;43;;;
250627;0000;40;;;
250628;0000;56;;;
250629;0000;38;;;
250630;0000;46;;;
250701;0000;50;;;
250702;0000;46;;;
250703;0000;37;;;
250704;0000;36;;;
250705;0000;32;;;
250706;0000;18;;;
250707;0000;25;;;
250708;0000;38;;;
250709;0000;42;;;
250710;0000;55;;;
250711;0000;57;;;
250712;0000;64;;;
250713;0000;67;;;
250714;0000;70;;;
250715;0000;76;;;
250716;0000;48;;;
250717;0000;39;;;
250718;0000;33;;;
250719;0000;35;;;
250720;0000;39;;;
250721;0000;34;;;
250722;0000;33;;;
250723;0000;41;;;
250724;0000;36;;;
250725;0000;34;;;
250726;0000;49;;;
250727;0000;54;;;
250728;0000;45;;;
250729;0000;37;;;
250730;0000;27;;;
250731;0000;13;;;
250801;0000;7;;;
250802;0000;16;;;
250803;0000;28;;;
250804;0000;27;;;
250805;0000;22;;;
250806;0000;21;;;
250807;0000;26;;;
250808;0000;35;;;
250809;0000;26;;;
250810;0000;37;;;
250811;0000;32;;;
250812;0000;29;;;
250813;0000;26;;;
250814;0000;27;;;
250815;0000;13;;;
250816;0000;22;;;
250817;0000;18;;;
250818;0000;21;;;
250819;0000;19;;;
250820;0000;16;;;
250821;0000;7;;;
250822;0000;7;;;
250823;0000;10;;;
250824;0000;11;;;
250825;0000;14;;;
250826;0000;25;;;
250827;0000;31;;;
250828;0000;34;;;
250829;0000;18;;;
250830;0000;25;;;
250831;0000;34;;;
250901;0000;28;;;
250902;0000;20;;;
250903;0000;26;;;
250904;0000;30;;;
250905;0000;31;;;
250906;0000;28;;;
250907;0000;21;;;
250908;0000;16;;;
250909;0000;17;;;
250910;0000;13;;;
250911;0000;21;;;
250912;0000;24;;;
250913;0000;16;;;
250914;0000;20;;;
250915;0000;17;;;
250916;0000;20;;;
250917;0000;29;;;
250918;0000;37;;;
250919;0000;18;;;
250920;0000;9;;;
250921;0000;6;;;
250922;0000;12;;;
250923;0000;15;;;
250924;0000;19;;;
250925;0000;17;;;
250926;0000;11;;;
250927;0000;16;;;
250928;0000;16;;;
250929;0000;15;;;
250930;0000;21;;;
251001;0000;19;;;
251002;0000;22;;;
251003;0000;18;;;
251004;0000;8;;;
251005;0000;3;;;
251006;0000;9;;;
251007;0000;12;;;
251008;0000;15;;;
251009;0000;13;;;
251010;0000;13;;;
251011;0000;11;;;
251012;0000;13;;;
251013;0000;15;;;
251014;0000;16;;;
251015;0000;16;;;
251016;0000;17;;;
251017;0000;13;;;
251018;0000;16;;;
251019;0000;18;;;
251020;0000;17;;;
251021;0000;17;;;
251022;0000;17;;;
251023;0000;15;;;
251024;0000;13;;;
251025;0000;14;;;
251026;0000;14;;;
251027;0000;13;;;
251028;0000;13;;;
251029;0000;16;;;
251030;0000;14;;;
251031;0000;18;;;
251101;0000;15;;;
251102;0000;17;;;
251103;0000;16;;;
251104;0000;13;;;
251105;0000;14;;;
251106;0000;11;;;
251107;0000;10;;;
251108;0000;13;;;
251109;0000;12;;;
251110;0000;11;;;
251111;0000;12;;;
251112;0000;15;;;
251113;0000;20;;;
251114;0000;21;;;
251115;0000;19;;;
251116;0000;15;;;
251117;0000;15;;;
251118;0000;18;;;
251119;0000;15;;;
251120;0000;16;;;
251121;0000;13;;;
251122;0000;17;;;
251123;0000;19;;;
251124;0000;20;;;
251125;0000;18;;;
251126;0000;15;;;
251127;0000;14;;;
251128;0000;11;;;
251129;0000;10;;;
251130;0000;8;;;
251201;0000;12;;;
251202;0000;12;;;
251203;0000;14;;;
251204;0000;13;;;
251205;0000;14;;;
251206;0000;16;;;
251207;0000;12;;;
251208;0000;11;;;
251209;0000;15;;;
251210;0000;14;;;
251211;0000;11;;;
251212;0000;15;;;
251213;0000;11;;;
251214;0000;8;;;
251215;0000;8;;;
251216;0000;39;;;
251217;0000;43;;;
251218;0000;17;;;
251219;0000;12;;;
251220;0000;10;;;
251221;0000;8;;;
251222;0000;11;;;
251223;0000;13;;;
251224;0000;20;;;
251225;0000;12;;;
251226;0000;12;;;
251227;0000;13;;;
251228;0000;10;;;
251229;0000;15;;;
251230;0000;15;;;
251231;0000;19;;;
260101;0000;;21;;
260102;0000;;12;;
260103;0000;;13;;
260104;0000;;11;;
260105;0000;;11;;
260106;0000;;9;;
260107;0000;;11;;
260108;0000;;12;;
260109;0000;;14;;
260110;0000;;13;;
260111;0000;;12;;
260112;0000;;12;;
260113;0000;;10;;
260114;0000;;9;;
260115;0000;;;;
260116;0000;;16;;
260117;0000;;14;;
260118;0000;;17;;
260119;0000;;26;;
260120;0000;;30;;
260121;0000;;22;;
260122;0000;;19;;
260123;0000;;16;;
260124;0000;;16;;
260125;0000;;11;;
260126;0000;;9;;
260127;0000;;9;;
260128;0000;;13;;
260129;0000;;16;;
260130;0000;;10;;
260131;0000;;11;;
260201;0000;;15;;
260202;0000;;12;;
260203;0000;;9;;
260204;0000;;8;;
260205;0000;;8;;
260206;0000;;10;;
260207;0000;;11;;
260208;0000;;11;;
260209;0000;;8;;
260210;0000;;10;;
260211;0000;;10;;
260212;0000;;13;;
260213;0000;;13;;
260214;0000;;12;;
260215;0000;;10;;
260216;0000;;12;;
260217;0000;;10;;
260218;0000;;11;;
260219;0000;;13;;
260220;0000;;14;;
260221;0000;;15;;
260222;0000;;14;;
260223;0000;;15;;
260224;0000;;12;;
260225;0000;;11;;
260226;0000;;9;;
260227;0000;;8;;
260228;0000;;8;;
260301;0000;;9;;
260302;0000;;6;;
260303;0000;;10;;
260304;0000;;13;;
260305;0000;;13;;
260306;0000;;17;;
260307;0000;;13;;
260308;0000;;11;;
260309;0000;;12;;
260310;0000;;14;;
260311;0000;;14;;
260312;0000;;15;;
260313;0000;;15;;
260314;0000;;14;;
260315;0000;;8;;
260316;0000;;6;;
260317;0000;;8;;
260318;0000;;12;;
260319;0000;;10;;
260320;0000;;7;;
260321;0000;;8;;
260322;0000;;9;;
260323;0000;;12;;
260324;0000;;14;;
260325;0000;;14;;
260326;0000;;18;;
260327;0000;;22;;
260328;0000;;24;;
260329;0000;;21;;
260330;0000;;18;;
260331;0000;;21;;
260401;0000;;20;;
260402;0000;;24;;
260403;0000;;25;;
260404;0000;;21;;
260405;0000;;10;;
260406;0000;;11;;
260407;0000;;;;
260408;0000;;;;
260409;0000;;;;
260410;0000;;;;
260411;0000;;22;;
260412;0000;;23;;
260413;0000;;18;;
260414;0000;;23;;
260415;0000;;26;;
260416;0000;;18;;
260417;0000;;20;;
260418;0000;;15;;
260419;0000;;13;;
260420;0000;;16;;
260421;0000;;20;;
260422;0000;;19;;
260423;0000;;17;;
260424;0000;;21;;
260425;0000;;23;;
260426;0000;;18;;
260427;0000;;16;;
260428;0000;;19;;
260429;0000;;17;;
260430;0000;;16;;
260501;0000;;39;;
260502;0000;;43;;
260503;0000;;18;;
260504;0000;;17;;
260505;0000;;18;;
260506;0000;;10;;
260507;0000;;10;;
260508;0000;;21;;
260509;0000;;30;;
260510;0000;;25;;
260511;0000;;22;;
260512;0000;;44;;
260513;0000;;64;;
260514;0000;;60;;
260515;0000;;41;;
260516;0000;;47;;
260517;0000;;26;;
260518;0000;;20;;
260519;0000;;30;;
260520;0000;;57;;
260521;0000;;45;;
260522;0000;;77;;
260523;0000;;65;;
260524;0000;;78;;
260525;0000;;30;;
260526;0000;;23;;
260527;0000;;35;;
260528;0000;;31;;
260529;0000;;40;;
260530;0000;;51;;
260531;0000;;53;;
260601;0000;;56;;
260602;0000;;57;;
260603;0000;;39;;
260604;0000;;35;;
260605;0000;;47;;
260606;0000;;59;;
260607;0000;;47;;
260608;0000;;40;;
260609;0000;;37;;
260610;0000;;23;;
260611;0000;;23;;
260612;0000;;30;;
260613;0000;;42;;
260614;0000;;39;;
260615;0000;;52;;
260616;0000;;58;;
